date,debt_subject_to_limit,open_today_bal,open_month_bal,open_fiscal_year_bal
2005-10-03,16216192.0,8184000.0,8184000.0,8184000.0
2005-10-04,16223622.0,8184000.0,8184000.0,8184000.0
2005-10-05,16224521.0,8184000.0,8184000.0,8184000.0
2005-10-06,16240406.0,8184000.0,8184000.0,8184000.0
2005-10-07,16236678.0,8184000.0,8184000.0,8184000.0
2005-10-11,16236795.0,8184000.0,8184000.0,8184000.0
2005-10-12,16236222.0,8184000.0,8184000.0,8184000.0
2005-10-13,16241679.0,8184000.0,8184000.0,8184000.0
2005-10-14,16232802.0,8184000.0,8184000.0,8184000.0
2005-10-17,16242513.0,8184000.0,8184000.0,8184000.0
2005-10-18,16249663.0,8184000.0,8184000.0,8184000.0
2005-10-19,16245523.0,8184000.0,8184000.0,8184000.0
2005-10-20,16255963.0,8184000.0,8184000.0,8184000.0
2005-10-21,16255368.0,8184000.0,8184000.0,8184000.0
2005-10-24,16256025.0,8184000.0,8184000.0,8184000.0
2005-10-25,16259608.0,8184000.0,8184000.0,8184000.0
2005-10-26,16256918.0,8184000.0,8184000.0,8184000.0
2005-10-27,16272530.0,8184000.0,8184000.0,8184000.0
2005-10-28,16276464.0,8184000.0,8184000.0,8184000.0
2005-10-31,16273731.0,8184000.0,8184000.0,8184000.0
2005-11-01,16261834.0,8184000.0,8184000.0,8184000.0
2005-11-02,16268301.0,8184000.0,8184000.0,8184000.0
2005-11-03,16275735.0,8184000.0,8184000.0,8184000.0
2005-11-04,16275885.0,8184000.0,8184000.0,8184000.0
2005-11-07,16278740.0,8184000.0,8184000.0,8184000.0
2005-11-08,16283718.0,8184000.0,8184000.0,8184000.0
2005-11-09,16281570.0,8184000.0,8184000.0,8184000.0
2005-11-10,16298426.0,8184000.0,8184000.0,8184000.0
2005-11-14,16300255.0,8184000.0,8184000.0,8184000.0
2005-11-15,16313970.0,8184000.0,8184000.0,8184000.0
2005-11-16,16311321.0,8184000.0,8184000.0,8184000.0
2005-11-17,16331813.0,8184000.0,8184000.0,8184000.0
2005-11-18,16331185.0,8184000.0,8184000.0,8184000.0
2005-11-21,16332893.0,8184000.0,8184000.0,8184000.0
2005-11-22,16336938.0,8184000.0,8184000.0,8184000.0
2005-11-23,16332749.0,8184000.0,8184000.0,8184000.0
2005-11-25,16344371.0,8184000.0,8184000.0,8184000.0
2005-11-28,16346979.0,8184000.0,8184000.0,8184000.0
2005-11-29,16345721.0,8184000.0,8184000.0,8184000.0
2005-11-30,16340016.0,8184000.0,8184000.0,8184000.0
2005-12-01,16356359.0,8184000.0,8184000.0,8184000.0
2005-12-02,16366645.0,8184000.0,8184000.0,8184000.0
2005-12-05,16367495.0,8184000.0,8184000.0,8184000.0
2005-12-06,16370601.0,8184000.0,8184000.0,8184000.0
2005-12-07,16369433.0,8184000.0,8184000.0,8184000.0
2005-12-08,16379492.0,8184000.0,8184000.0,8184000.0
2005-12-09,16379638.0,8184000.0,8184000.0,8184000.0
2005-12-12,16379989.0,8184000.0,8184000.0,8184000.0
2005-12-13,16383969.0,8184000.0,8184000.0,8184000.0
2005-12-14,16379779.0,8184000.0,8184000.0,8184000.0
2005-12-15,16347728.0,8184000.0,8184000.0,8184000.0
2005-12-16,16349238.0,8184000.0,8184000.0,8184000.0
2005-12-19,16351067.0,8184000.0,8184000.0,8184000.0
2005-12-20,16355085.0,8184000.0,8184000.0,8184000.0
2005-12-21,16347842.0,8184000.0,8184000.0,8184000.0
2005-12-22,16343340.0,8184000.0,8184000.0,8184000.0
2005-12-23,16345593.0,8184000.0,8184000.0,8184000.0
2005-12-27,16348217.0,8184000.0,8184000.0,8184000.0
2005-12-28,16347592.0,8184000.0,8184000.0,8184000.0
2005-12-29,16335802.0,8184000.0,8184000.0,8184000.0
2005-12-30,16418118.0,8184000.0,8184000.0,8184000.0
2006-01-03,16401282.0,8184000.0,8184000.0,8184000.0
2006-01-04,16413153.0,8184000.0,8184000.0,8184000.0
2006-01-05,16408158.0,8184000.0,8184000.0,8184000.0
2006-01-06,16409239.0,8184000.0,8184000.0,8184000.0
2006-01-09,16407669.0,8184000.0,8184000.0,8184000.0
2006-01-10,16412953.0,8184000.0,8184000.0,8184000.0
2006-01-11,16409134.0,8184000.0,8184000.0,8184000.0
2006-01-12,16406956.0,8184000.0,8184000.0,8184000.0
2006-01-13,16406437.0,8184000.0,8184000.0,8184000.0
2006-01-17,16417860.0,8184000.0,8184000.0,8184000.0
2006-01-18,16421084.0,8184000.0,8184000.0,8184000.0
2006-01-19,16424914.0,8184000.0,8184000.0,8184000.0
2006-01-20,16423603.0,8184000.0,8184000.0,8184000.0
2006-01-23,16421810.0,8184000.0,8184000.0,8184000.0
2006-01-24,16432749.0,8184000.0,8184000.0,8184000.0
2006-01-25,16429233.0,8184000.0,8184000.0,8184000.0
2006-01-26,16438659.0,8184000.0,8184000.0,8184000.0
2006-01-27,16438359.0,8184000.0,8184000.0,8184000.0
2006-01-30,16434370.0,8184000.0,8184000.0,8184000.0
2006-01-31,16443988.0,8184000.0,8184000.0,8184000.0
2006-02-01,16430949.0,8184000.0,8184000.0,8184000.0
2006-02-02,16446742.0,8184000.0,8184000.0,8184000.0
2006-02-03,16443557.0,8184000.0,8184000.0,8184000.0
2006-02-06,16446137.0,8184000.0,8184000.0,8184000.0
2006-02-07,16450043.0,8184000.0,8184000.0,8184000.0
2006-02-08,16446360.0,8184000.0,8184000.0,8184000.0
2006-02-09,16454834.0,8184000.0,8184000.0,8184000.0
2006-02-10,16454238.0,8184000.0,8184000.0,8184000.0
2006-02-13,16454042.0,8184000.0,8184000.0,8184000.0
2006-02-14,16458139.0,8184000.0,8184000.0,8184000.0
2006-02-15,16485420.0,8184000.0,8184000.0,8184000.0
2006-02-16,16497385.0,8184000.0,8184000.0,8184000.0
2006-02-17,16497155.0,8184000.0,8184000.0,8184000.0
2006-02-21,16496238.0,8184000.0,8184000.0,8184000.0
2006-02-22,16496009.0,8184000.0,8184000.0,8184000.0
2006-02-23,16497691.0,8184000.0,8184000.0,8184000.0
2006-02-24,16497457.0,8184000.0,8184000.0,8184000.0
2006-02-27,16496755.0,8184000.0,8184000.0,8184000.0
2006-02-28,16539934.0,8184000.0,8184000.0,8184000.0
2006-03-01,16539699.0,8184000.0,8184000.0,8184000.0
2006-03-02,16541466.0,8184000.0,8184000.0,8184000.0
2006-03-03,16541301.0,8184000.0,8184000.0,8184000.0
2006-03-06,16540684.0,8184000.0,8184000.0,8184000.0
2006-03-07,16540439.0,8184000.0,8184000.0,8184000.0
2006-03-08,16540205.0,8184000.0,8184000.0,8184000.0
2006-03-09,16541941.0,8184000.0,8184000.0,8184000.0
2006-03-10,16541689.0,8184000.0,8184000.0,8184000.0
2006-03-13,16540935.0,8184000.0,8184000.0,8184000.0
2006-03-14,16540683.0,8184000.0,8184000.0,8184000.0
2006-03-15,16540432.0,8184000.0,8184000.0,8184000.0
2006-03-16,16542174.0,8184000.0,8184000.0,8184000.0
2006-03-17,16541925.0,8184000.0,8184000.0,8184000.0
2006-03-20,17399897.0,8184000.0,8184000.0,8184000.0
2006-03-21,17403270.0,8965000.0,8184000.0,8184000.0
2006-03-22,17398909.0,8965000.0,8184000.0,8184000.0
2006-03-23,17415791.0,8965000.0,8184000.0,8184000.0
2006-03-24,17416206.0,8965000.0,8184000.0,8184000.0
2006-03-27,17416668.0,8965000.0,8184000.0,8184000.0
2006-03-28,17420219.0,8965000.0,8184000.0,8184000.0
2006-03-29,17419959.0,8965000.0,8184000.0,8184000.0
2006-03-30,17417812.0,8965000.0,8184000.0,8184000.0
2006-03-31,17426001.0,8965000.0,8184000.0,8184000.0
2006-04-03,17431960.0,8965000.0,8965000.0,8184000.0
2006-04-04,17442040.0,8965000.0,8965000.0,8184000.0
2006-04-05,17443099.0,8965000.0,8965000.0,8184000.0
2006-04-06,17448502.0,8965000.0,8965000.0,8184000.0
2006-04-07,17453543.0,8965000.0,8965000.0,8184000.0
2006-04-10,17456419.0,8965000.0,8965000.0,8184000.0
2006-04-11,17460779.0,8965000.0,8965000.0,8184000.0
2006-04-12,17456959.0,8965000.0,8965000.0,8184000.0
2006-04-13,17460813.0,8965000.0,8965000.0,8184000.0
2006-04-14,17461594.0,8965000.0,8965000.0,8184000.0
2006-04-17,17421000.0,8965000.0,8965000.0,8184000.0
2006-04-18,17430691.0,8965000.0,8965000.0,8184000.0
2006-04-19,17428797.0,8965000.0,8965000.0,8184000.0
2006-04-20,17405001.0,8965000.0,8965000.0,8184000.0
2006-04-21,17405671.0,8965000.0,8965000.0,8184000.0
2006-04-24,17410484.0,8965000.0,8965000.0,8184000.0
2006-04-25,17419244.0,8965000.0,8965000.0,8184000.0
2006-04-26,17418743.0,8965000.0,8965000.0,8184000.0
2006-04-27,17397176.0,8965000.0,8965000.0,8184000.0
2006-04-28,17413860.0,8965000.0,8965000.0,8184000.0
2006-05-01,17409581.0,8965000.0,8965000.0,8184000.0
2006-05-02,17423245.0,8965000.0,8965000.0,8184000.0
2006-05-03,17417760.0,8965000.0,8965000.0,8184000.0
2006-05-04,17414165.0,8965000.0,8965000.0,8184000.0
2006-05-05,17415882.0,8965000.0,8965000.0,8184000.0
2006-05-08,17419611.0,8965000.0,8965000.0,8184000.0
2006-05-09,17422690.0,8965000.0,8965000.0,8184000.0
2006-05-10,17418462.0,8965000.0,8965000.0,8184000.0
2006-05-11,17413665.0,8965000.0,8965000.0,8184000.0
2006-05-12,17414495.0,8965000.0,8965000.0,8184000.0
2006-05-15,17387787.0,8965000.0,8965000.0,8184000.0
2006-05-16,17393288.0,8965000.0,8965000.0,8184000.0
2006-05-17,17387903.0,8965000.0,8965000.0,8184000.0
2006-05-18,17403860.0,8965000.0,8965000.0,8184000.0
2006-05-19,17403260.0,8965000.0,8965000.0,8184000.0
2006-05-22,17403702.0,8965000.0,8965000.0,8184000.0
2006-05-23,17410067.0,8965000.0,8965000.0,8184000.0
2006-05-24,17407261.0,8965000.0,8965000.0,8184000.0
2006-05-25,17406979.0,8965000.0,8965000.0,8184000.0
2006-05-26,17404758.0,8965000.0,8965000.0,8184000.0
2006-05-30,17400292.0,8965000.0,8965000.0,8184000.0
2006-05-31,17414887.0,8965000.0,8965000.0,8184000.0
2006-06-01,17399029.0,8965000.0,8965000.0,8184000.0
2006-06-02,17414044.0,8965000.0,8965000.0,8184000.0
2006-06-05,17415276.0,8965000.0,8965000.0,8184000.0
2006-06-06,17428635.0,8965000.0,8965000.0,8184000.0
2006-06-07,17427215.0,8965000.0,8965000.0,8184000.0
2006-06-08,17429995.0,8965000.0,8965000.0,8184000.0
2006-06-09,17430925.0,8965000.0,8965000.0,8184000.0
2006-06-12,17431400.0,8965000.0,8965000.0,8184000.0
2006-06-13,17435859.0,8965000.0,8965000.0,8184000.0
2006-06-14,17430338.0,8965000.0,8965000.0,8184000.0
2006-06-15,17396022.0,8965000.0,8965000.0,8184000.0
2006-06-16,17397973.0,8965000.0,8965000.0,8184000.0
2006-06-19,17402572.0,8965000.0,8965000.0,8184000.0
2006-06-20,17407156.0,8965000.0,8965000.0,8184000.0
2006-06-21,17404897.0,8965000.0,8965000.0,8184000.0
2006-06-22,17398499.0,8965000.0,8965000.0,8184000.0
2006-06-23,17401977.0,8965000.0,8965000.0,8184000.0
2006-06-26,17404823.0,8965000.0,8965000.0,8184000.0
2006-06-27,17408339.0,8965000.0,8965000.0,8184000.0
2006-06-28,17403779.0,8965000.0,8965000.0,8184000.0
2006-06-29,17398710.0,8965000.0,8965000.0,8184000.0
2006-06-30,17474586.0,8965000.0,8965000.0,8184000.0
2006-07-03,17457595.0,8965000.0,8965000.0,8184000.0
2006-07-05,17466552.0,8965000.0,8965000.0,8184000.0
2006-07-06,17467795.0,8965000.0,8965000.0,8184000.0
2006-07-07,17467916.0,8965000.0,8965000.0,8184000.0
2006-07-10,17466410.0,8965000.0,8965000.0,8184000.0
2006-07-11,17471507.0,8965000.0,8965000.0,8184000.0
2006-07-12,17466373.0,8965000.0,8965000.0,8184000.0
2006-07-13,17474846.0,8965000.0,8965000.0,8184000.0
2006-07-14,17474181.0,8965000.0,8965000.0,8184000.0
2006-07-17,17463180.0,8965000.0,8965000.0,8184000.0
2006-07-18,17470273.0,8965000.0,8965000.0,8184000.0
2006-07-19,17464307.0,8965000.0,8965000.0,8184000.0
2006-07-20,17471665.0,8965000.0,8965000.0,8184000.0
2006-07-21,17471558.0,8965000.0,8965000.0,8184000.0
2006-07-24,17475529.0,8965000.0,8965000.0,8184000.0
2006-07-25,17475614.0,8965000.0,8965000.0,8184000.0
2006-07-26,17473271.0,8965000.0,8965000.0,8184000.0
2006-07-27,17483305.0,8965000.0,8965000.0,8184000.0
2006-07-28,17475037.0,8965000.0,8965000.0,8184000.0
2006-07-31,17501264.0,8965000.0,8965000.0,8184000.0
2006-08-01,17489009.0,8965000.0,8965000.0,8184000.0
2006-08-02,17495877.0,8965000.0,8965000.0,8184000.0
2006-08-03,17502121.0,8965000.0,8965000.0,8184000.0
2006-08-04,17502669.0,8965000.0,8965000.0,8184000.0
2006-08-07,17507147.0,8965000.0,8965000.0,8184000.0
2006-08-08,17508774.0,8965000.0,8965000.0,8184000.0
2006-08-09,17501168.0,8965000.0,8965000.0,8184000.0
2006-08-10,17516992.0,8965000.0,8965000.0,8184000.0
2006-08-11,17513798.0,8965000.0,8965000.0,8184000.0
2006-08-14,17516756.0,8965000.0,8965000.0,8184000.0
2006-08-15,17540375.0,8965000.0,8965000.0,8184000.0
2006-08-16,17538122.0,8965000.0,8965000.0,8184000.0
2006-08-17,17557494.0,8965000.0,8965000.0,8184000.0
2006-08-18,17556022.0,8965000.0,8965000.0,8184000.0
2006-08-21,17560071.0,8965000.0,8965000.0,8184000.0
2006-08-22,17563950.0,8965000.0,8965000.0,8184000.0
2006-08-23,17558761.0,8965000.0,8965000.0,8184000.0
2006-08-24,17563916.0,8965000.0,8965000.0,8184000.0
2006-08-25,17560488.0,8965000.0,8965000.0,8184000.0
2006-08-28,17562078.0,8965000.0,8965000.0,8184000.0
2006-08-29,17564996.0,8965000.0,8965000.0,8184000.0
2006-08-30,17560388.0,8965000.0,8965000.0,8184000.0
2006-08-31,17571939.0,8965000.0,8965000.0,8184000.0
2006-09-01,17571978.0,8965000.0,8965000.0,8184000.0
2006-09-05,17578144.0,8965000.0,8965000.0,8184000.0
2006-09-06,17582864.0,8965000.0,8965000.0,8184000.0
2006-09-07,17583878.0,8965000.0,8965000.0,8184000.0
2006-09-08,17582204.0,8965000.0,8965000.0,8184000.0
2006-09-11,17584534.0,8965000.0,8965000.0,8184000.0
2006-09-12,17587858.0,8965000.0,8965000.0,8184000.0
2006-09-13,17583072.0,8965000.0,8965000.0,8184000.0
2006-09-14,17579892.0,8965000.0,8965000.0,8184000.0
2006-09-15,17544206.0,8965000.0,8965000.0,8184000.0
2006-09-18,17546760.0,8965000.0,8965000.0,8184000.0
2006-09-19,17553121.0,8965000.0,8965000.0,8184000.0
2006-09-20,17550234.0,8965000.0,8965000.0,8184000.0
2006-09-21,17541302.0,8965000.0,8965000.0,8184000.0
2006-09-22,17541168.0,8965000.0,8965000.0,8184000.0
2006-09-25,17542132.0,8965000.0,8965000.0,8184000.0
2006-09-26,17546865.0,8965000.0,8965000.0,8184000.0
2006-09-27,17539144.0,8965000.0,8965000.0,8184000.0
2006-09-28,17526495.0,8965000.0,8965000.0,8184000.0
2006-09-29,17558862.0,8965000.0,8965000.0,8184000.0
2006-10-02,17600012.0,8965000.0,8965000.0,8965000.0
2006-10-03,17599137.0,8965000.0,8965000.0,8965000.0
2006-10-04,17597146.0,8965000.0,8965000.0,8965000.0
2006-10-05,17597123.0,8965000.0,8965000.0,8965000.0
2006-10-06,17598930.0,8965000.0,8965000.0,8965000.0
2006-10-10,17597704.0,8965000.0,8965000.0,8965000.0
2006-10-11,17596266.0,8965000.0,8965000.0,8965000.0
2006-10-12,17598118.0,8965000.0,8965000.0,8965000.0
2006-10-13,17598535.0,8965000.0,8965000.0,8965000.0
2006-10-16,17588453.0,8965000.0,8965000.0,8965000.0
2006-10-17,17595406.0,8965000.0,8965000.0,8965000.0
2006-10-18,17591285.0,8965000.0,8965000.0,8965000.0
2006-10-19,17600051.0,8965000.0,8965000.0,8965000.0
2006-10-20,17601150.0,8965000.0,8965000.0,8965000.0
2006-10-23,17602202.0,8965000.0,8965000.0,8965000.0
2006-10-24,17605815.0,8965000.0,8965000.0,8965000.0
2006-10-25,17601544.0,8965000.0,8965000.0,8965000.0
2006-10-26,17617785.0,8965000.0,8965000.0,8965000.0
2006-10-27,17617863.0,8965000.0,8965000.0,8965000.0
2006-10-30,17613907.0,8965000.0,8965000.0,8965000.0
2006-10-31,17635834.0,8965000.0,8965000.0,8965000.0
2006-11-01,17624059.0,8965000.0,8965000.0,8965000.0
2006-11-02,17647169.0,8965000.0,8965000.0,8965000.0
2006-11-03,17638872.0,8965000.0,8965000.0,8965000.0
2006-11-06,17641304.0,8965000.0,8965000.0,8965000.0
2006-11-07,17645395.0,8965000.0,8965000.0,8965000.0
2006-11-08,17641075.0,8965000.0,8965000.0,8965000.0
2006-11-09,17657177.0,8965000.0,8965000.0,8965000.0
2006-11-10,17657158.0,8965000.0,8965000.0,8965000.0
2006-11-13,17656242.0,8965000.0,8965000.0,8965000.0
2006-11-14,17660243.0,8965000.0,8965000.0,8965000.0
2006-11-15,17647585.0,8965000.0,8965000.0,8965000.0
2006-11-16,17660203.0,8965000.0,8965000.0,8965000.0
2006-11-17,17662123.0,8965000.0,8965000.0,8965000.0
2006-11-20,17661934.0,8965000.0,8965000.0,8965000.0
2006-11-21,17666288.0,8965000.0,8965000.0,8965000.0
2006-11-22,17662587.0,8965000.0,8965000.0,8965000.0
2006-11-24,17676444.0,8965000.0,8965000.0,8965000.0
2006-11-27,17679469.0,8965000.0,8965000.0,8965000.0
2006-11-28,17681152.0,8965000.0,8965000.0,8965000.0
2006-11-29,17676926.0,8965000.0,8965000.0,8965000.0
2006-11-30,17685965.0,8965000.0,8965000.0,8965000.0
2006-12-01,17688233.0,8965000.0,8965000.0,8965000.0
2006-12-04,17692208.0,8965000.0,8965000.0,8965000.0
2006-12-05,17707414.0,8965000.0,8965000.0,8965000.0
2006-12-06,17705718.0,8965000.0,8965000.0,8965000.0
2006-12-07,17706679.0,8965000.0,8965000.0,8965000.0
2006-12-08,17707976.0,8965000.0,8965000.0,8965000.0
2006-12-11,17707483.0,8965000.0,8965000.0,8965000.0
2006-12-12,17712413.0,8965000.0,8965000.0,8965000.0
2006-12-13,17708709.0,8965000.0,8965000.0,8965000.0
2006-12-14,17701413.0,8965000.0,8965000.0,8965000.0
2006-12-15,17664364.0,8965000.0,8965000.0,8965000.0
2006-12-18,17666355.0,8965000.0,8965000.0,8965000.0
2006-12-19,17674035.0,8965000.0,8965000.0,8965000.0
2006-12-20,17670755.0,8965000.0,8965000.0,8965000.0
2006-12-21,17662500.0,8965000.0,8965000.0,8965000.0
2006-12-22,17664004.0,8965000.0,8965000.0,8965000.0
2006-12-26,17667227.0,8965000.0,8965000.0,8965000.0
2006-12-27,17666426.0,8965000.0,8965000.0,8965000.0
2006-12-28,17645472.0,8965000.0,8965000.0,8965000.0
2006-12-29,17733124.0,8965000.0,8965000.0,8965000.0
2007-01-02,17730833.0,8965000.0,8965000.0,8965000.0
2007-01-03,17729680.0,8965000.0,8965000.0,8965000.0
2007-01-04,17723763.0,8965000.0,8965000.0,8965000.0
2007-01-05,17726185.0,8965000.0,8965000.0,8965000.0
2007-01-08,17725443.0,8965000.0,8965000.0,8965000.0
2007-01-09,17730200.0,8965000.0,8965000.0,8965000.0
2007-01-10,17725732.0,8965000.0,8965000.0,8965000.0
2007-01-11,17727402.0,8965000.0,8965000.0,8965000.0
2007-01-12,17727185.0,8965000.0,8965000.0,8965000.0
2007-01-16,17720816.0,8965000.0,8965000.0,8965000.0
2007-01-17,17724235.0,8965000.0,8965000.0,8965000.0
2007-01-18,17725651.0,8965000.0,8965000.0,8965000.0
2007-01-19,17728866.0,8965000.0,8965000.0,8965000.0
2007-01-22,17730050.0,8965000.0,8965000.0,8965000.0
2007-01-23,17734894.0,8965000.0,8965000.0,8965000.0
2007-01-24,17732933.0,8965000.0,8965000.0,8965000.0
2007-01-25,17737308.0,8965000.0,8965000.0,8965000.0
2007-01-26,17736918.0,8965000.0,8965000.0,8965000.0
2007-01-29,17741321.0,8965000.0,8965000.0,8965000.0
2007-01-30,17740728.0,8965000.0,8965000.0,8965000.0
2007-01-31,17760767.0,8965000.0,8965000.0,8965000.0
2007-02-01,17748838.0,8965000.0,8965000.0,8965000.0
2007-02-02,17747155.0,8965000.0,8965000.0,8965000.0
2007-02-05,17750189.0,8965000.0,8965000.0,8965000.0
2007-02-06,17753684.0,8965000.0,8965000.0,8965000.0
2007-02-07,17753366.0,8965000.0,8965000.0,8965000.0
2007-02-08,17768105.0,8965000.0,8965000.0,8965000.0
2007-02-09,17767827.0,8965000.0,8965000.0,8965000.0
2007-02-12,17767825.0,8965000.0,8965000.0,8965000.0
2007-02-13,17772195.0,8965000.0,8965000.0,8965000.0
2007-02-14,17766811.0,8965000.0,8965000.0,8965000.0
2007-02-15,17793379.0,8965000.0,8965000.0,8965000.0
2007-02-16,17800592.0,8965000.0,8965000.0,8965000.0
2007-02-20,17806142.0,8965000.0,8965000.0,8965000.0
2007-02-21,17806335.0,8965000.0,8965000.0,8965000.0
2007-02-22,17823383.0,8965000.0,8965000.0,8965000.0
2007-02-23,17824122.0,8965000.0,8965000.0,8965000.0
2007-02-26,17827252.0,8965000.0,8965000.0,8965000.0
2007-02-27,17828175.0,8965000.0,8965000.0,8965000.0
2007-02-28,17830443.0,8965000.0,8965000.0,8965000.0
2007-03-01,17841961.0,8965000.0,8965000.0,8965000.0
2007-03-02,17862000.0,8965000.0,8965000.0,8965000.0
2007-03-05,17864870.0,8965000.0,8965000.0,8965000.0
2007-03-06,17871722.0,8965000.0,8965000.0,8965000.0
2007-03-07,17871059.0,8965000.0,8965000.0,8965000.0
2007-03-08,17886545.0,8965000.0,8965000.0,8965000.0
2007-03-09,17885705.0,8965000.0,8965000.0,8965000.0
2007-03-12,17885797.0,8965000.0,8965000.0,8965000.0
2007-03-13,17890907.0,8965000.0,8965000.0,8965000.0
2007-03-14,17885518.0,8965000.0,8965000.0,8965000.0
2007-03-15,17879455.0,8965000.0,8965000.0,8965000.0
2007-03-16,17881010.0,8965000.0,8965000.0,8965000.0
2007-03-19,17887257.0,8965000.0,8965000.0,8965000.0
2007-03-20,17890649.0,8965000.0,8965000.0,8965000.0
2007-03-21,17886363.0,8965000.0,8965000.0,8965000.0
2007-03-22,17886059.0,8965000.0,8965000.0,8965000.0
2007-03-23,17891174.0,8965000.0,8965000.0,8965000.0
2007-03-26,17894867.0,8965000.0,8965000.0,8965000.0
2007-03-27,17898902.0,8965000.0,8965000.0,8965000.0
2007-03-28,17893424.0,8965000.0,8965000.0,8965000.0
2007-03-29,17890160.0,8965000.0,8965000.0,8965000.0
2007-03-30,17903740.0,8965000.0,8965000.0,8965000.0
2007-04-02,17904134.0,8965000.0,8965000.0,8965000.0
2007-04-03,17922469.0,8965000.0,8965000.0,8965000.0
2007-04-04,17923298.0,8965000.0,8965000.0,8965000.0
2007-04-05,17939424.0,8965000.0,8965000.0,8965000.0
2007-04-06,17935771.0,8965000.0,8965000.0,8965000.0
2007-04-09,17936871.0,8965000.0,8965000.0,8965000.0
2007-04-10,17940487.0,8965000.0,8965000.0,8965000.0
2007-04-11,17939548.0,8965000.0,8965000.0,8965000.0
2007-04-12,17937731.0,8965000.0,8965000.0,8965000.0
2007-04-13,17946892.0,8965000.0,8965000.0,8965000.0
2007-04-16,17922767.0,8965000.0,8965000.0,8965000.0
2007-04-17,17902061.0,8965000.0,8965000.0,8965000.0
2007-04-18,17895433.0,8965000.0,8965000.0,8965000.0
2007-04-19,17875749.0,8965000.0,8965000.0,8965000.0
2007-04-20,17878368.0,8965000.0,8965000.0,8965000.0
2007-04-23,17880608.0,8965000.0,8965000.0,8965000.0
2007-04-24,17888516.0,8965000.0,8965000.0,8965000.0
2007-04-25,17886495.0,8965000.0,8965000.0,8965000.0
2007-04-26,17870384.0,8965000.0,8965000.0,8965000.0
2007-04-27,17867975.0,8965000.0,8965000.0,8965000.0
2007-04-30,17892409.0,8965000.0,8965000.0,8965000.0
2007-05-01,17876733.0,8965000.0,8965000.0,8965000.0
2007-05-02,17888490.0,8965000.0,8965000.0,8965000.0
2007-05-03,17867395.0,8965000.0,8965000.0,8965000.0
2007-05-04,17869005.0,8965000.0,8965000.0,8965000.0
2007-05-07,17872648.0,8965000.0,8965000.0,8965000.0
2007-05-08,17880538.0,8965000.0,8965000.0,8965000.0
2007-05-09,17874839.0,8965000.0,8965000.0,8965000.0
2007-05-10,17869925.0,8965000.0,8965000.0,8965000.0
2007-05-11,17871352.0,8965000.0,8965000.0,8965000.0
2007-05-14,17872088.0,8965000.0,8965000.0,8965000.0
2007-05-15,17855513.0,8965000.0,8965000.0,8965000.0
2007-05-16,17852913.0,8965000.0,8965000.0,8965000.0
2007-05-17,17857234.0,8965000.0,8965000.0,8965000.0
2007-05-18,17857205.0,8965000.0,8965000.0,8965000.0
2007-05-21,17859099.0,8965000.0,8965000.0,8965000.0
2007-05-22,17863551.0,8965000.0,8965000.0,8965000.0
2007-05-23,17861027.0,8965000.0,8965000.0,8965000.0
2007-05-24,17868945.0,8965000.0,8965000.0,8965000.0
2007-05-25,17868854.0,8965000.0,8965000.0,8965000.0
2007-05-29,17870440.0,8965000.0,8965000.0,8965000.0
2007-05-30,17871186.0,8965000.0,8965000.0,8965000.0
2007-05-31,17882233.0,8965000.0,8965000.0,8965000.0
2007-06-01,17881468.0,8965000.0,8965000.0,8965000.0
2007-06-04,17884387.0,8965000.0,8965000.0,8965000.0
2007-06-05,17903437.0,8965000.0,8965000.0,8965000.0
2007-06-06,17901609.0,8965000.0,8965000.0,8965000.0
2007-06-07,17895775.0,8965000.0,8965000.0,8965000.0
2007-06-08,17898265.0,8965000.0,8965000.0,8965000.0
2007-06-11,17899656.0,8965000.0,8965000.0,8965000.0
2007-06-12,17903387.0,8965000.0,8965000.0,8965000.0
2007-06-13,17899394.0,8965000.0,8965000.0,8965000.0
2007-06-14,17888344.0,8965000.0,8965000.0,8965000.0
2007-06-15,17857032.0,8965000.0,8965000.0,8965000.0
2007-06-18,17860820.0,8965000.0,8965000.0,8965000.0
2007-06-19,17869517.0,8965000.0,8965000.0,8965000.0
2007-06-20,17866072.0,8965000.0,8965000.0,8965000.0
2007-06-21,17853652.0,8965000.0,8965000.0,8965000.0
2007-06-22,17856076.0,8965000.0,8965000.0,8965000.0
2007-06-25,17859375.0,8965000.0,8965000.0,8965000.0
2007-06-26,17863345.0,8965000.0,8965000.0,8965000.0
2007-06-27,17858126.0,8965000.0,8965000.0,8965000.0
2007-06-28,17846417.0,8965000.0,8965000.0,8965000.0
2007-06-29,17921322.0,8965000.0,8965000.0,8965000.0
2007-07-02,17922677.0,8965000.0,8965000.0,8965000.0
2007-07-03,17923739.0,8965000.0,8965000.0,8965000.0
2007-07-05,17926642.0,8965000.0,8965000.0,8965000.0
2007-07-06,17929633.0,8965000.0,8965000.0,8965000.0
2007-07-09,17927683.0,8965000.0,8965000.0,8965000.0
2007-07-10,17931278.0,8965000.0,8965000.0,8965000.0
2007-07-11,17926142.0,8965000.0,8965000.0,8965000.0
2007-07-12,17931904.0,8965000.0,8965000.0,8965000.0
2007-07-13,17931497.0,8965000.0,8965000.0,8965000.0
2007-07-16,17939923.0,8965000.0,8965000.0,8965000.0
2007-07-17,17947194.0,8965000.0,8965000.0,8965000.0
2007-07-18,17941639.0,8965000.0,8965000.0,8965000.0
2007-07-19,17951721.0,8965000.0,8965000.0,8965000.0
2007-07-20,17952292.0,8965000.0,8965000.0,8965000.0
2007-07-23,17952577.0,8965000.0,8965000.0,8965000.0
2007-07-24,17956552.0,8965000.0,8965000.0,8965000.0
2007-07-25,17952935.0,8965000.0,8965000.0,8965000.0
2007-07-26,17968388.0,8965000.0,8965000.0,8965000.0
2007-07-27,17972873.0,8965000.0,8965000.0,8965000.0
2007-07-30,17963200.0,8965000.0,8965000.0,8965000.0
2007-07-31,17984597.0,8965000.0,8965000.0,8965000.0
2007-08-01,17965491.0,8965000.0,8965000.0,8965000.0
2007-08-02,17998884.0,8965000.0,8965000.0,8965000.0
2007-08-03,17992178.0,8965000.0,8965000.0,8965000.0
2007-08-06,17995248.0,8965000.0,8965000.0,8965000.0
2007-08-07,17999824.0,8965000.0,8965000.0,8965000.0
2007-08-08,17994577.0,8965000.0,8965000.0,8965000.0
2007-08-09,18023355.0,8965000.0,8965000.0,8965000.0
2007-08-10,18022027.0,8965000.0,8965000.0,8965000.0
2007-08-13,18022956.0,8965000.0,8965000.0,8965000.0
2007-08-14,18026982.0,8965000.0,8965000.0,8965000.0
2007-08-15,18017894.0,8965000.0,8965000.0,8965000.0
2007-08-16,18021491.0,8965000.0,8965000.0,8965000.0
2007-08-17,18025752.0,8965000.0,8965000.0,8965000.0
2007-08-20,18025313.0,8965000.0,8965000.0,8965000.0
2007-08-21,18029256.0,8965000.0,8965000.0,8965000.0
2007-08-22,18024204.0,8965000.0,8965000.0,8965000.0
2007-08-23,18033656.0,8965000.0,8965000.0,8965000.0
2007-08-24,18033989.0,8965000.0,8965000.0,8965000.0
2007-08-27,18032802.0,8965000.0,8965000.0,8965000.0
2007-08-28,18037020.0,8965000.0,8965000.0,8965000.0
2007-08-29,18036016.0,8965000.0,8965000.0,8965000.0
2007-08-30,18042717.0,8965000.0,8965000.0,8965000.0
2007-08-31,18057939.0,8965000.0,8965000.0,8965000.0
2007-09-04,18046886.0,8965000.0,8965000.0,8965000.0
2007-09-05,18057562.0,8965000.0,8965000.0,8965000.0
2007-09-06,18061820.0,8965000.0,8965000.0,8965000.0
2007-09-07,18062155.0,8965000.0,8965000.0,8965000.0
2007-09-10,18060702.0,8965000.0,8965000.0,8965000.0
2007-09-11,18067314.0,8965000.0,8965000.0,8965000.0
2007-09-12,18063029.0,8965000.0,8965000.0,8965000.0
2007-09-13,18068500.0,8965000.0,8965000.0,8965000.0
2007-09-14,18069195.0,8965000.0,8965000.0,8965000.0
2007-09-17,18052126.0,8965000.0,8965000.0,8965000.0
2007-09-18,18061522.0,8965000.0,8965000.0,8965000.0
2007-09-19,18057949.0,8965000.0,8965000.0,8965000.0
2007-09-20,18041900.0,8965000.0,8965000.0,8965000.0
2007-09-21,18043140.0,8965000.0,8965000.0,8965000.0
2007-09-24,18045126.0,8965000.0,8965000.0,8965000.0
2007-09-25,18051196.0,8965000.0,8965000.0,8965000.0
2007-09-26,18045528.0,8965000.0,8965000.0,8965000.0
2007-09-27,18024643.0,8965000.0,8965000.0,8965000.0
2007-09-28,18059102.0,8965000.0,8965000.0,8965000.0
2007-10-01,18963874.0,9815000.0,9815000.0,9815000.0
2007-10-02,18971044.0,9815000.0,9815000.0,9815000.0
2007-10-03,18962395.0,9815000.0,9815000.0,9815000.0
2007-10-04,18951643.0,9815000.0,9815000.0,9815000.0
2007-10-05,18956015.0,9815000.0,9815000.0,9815000.0
2007-10-09,18955125.0,9815000.0,9815000.0,9815000.0
2007-10-10,18950661.0,9815000.0,9815000.0,9815000.0
2007-10-11,18944375.0,9815000.0,9815000.0,9815000.0
2007-10-12,18945559.0,9815000.0,9815000.0,9815000.0
2007-10-15,18954920.0,9815000.0,9815000.0,9815000.0
2007-10-16,18959142.0,9815000.0,9815000.0,9815000.0
2007-10-17,18955972.0,9815000.0,9815000.0,9815000.0
2007-10-18,18954724.0,9815000.0,9815000.0,9815000.0
2007-10-19,18955057.0,9815000.0,9815000.0,9815000.0
2007-10-22,18955044.0,9815000.0,9815000.0,9815000.0
2007-10-23,18958672.0,9815000.0,9815000.0,9815000.0
2007-10-24,18954546.0,9815000.0,9815000.0,9815000.0
2007-10-25,18961404.0,9815000.0,9815000.0,9815000.0
2007-10-26,18961546.0,9815000.0,9815000.0,9815000.0
2007-10-29,18961338.0,9815000.0,9815000.0,9815000.0
2007-10-30,18958951.0,9815000.0,9815000.0,9815000.0
2007-10-31,18978671.0,9815000.0,9815000.0,9815000.0
2007-11-01,18980979.0,9815000.0,9815000.0,9815000.0
2007-11-02,18979453.0,9815000.0,9815000.0,9815000.0
2007-11-05,18981665.0,9815000.0,9815000.0,9815000.0
2007-11-06,18986012.0,9815000.0,9815000.0,9815000.0
2007-11-07,18984298.0,9815000.0,9815000.0,9815000.0
2007-11-08,19012041.0,9815000.0,9815000.0,9815000.0
2007-11-09,19012198.0,9815000.0,9815000.0,9815000.0
2007-11-13,19011834.0,9815000.0,9815000.0,9815000.0
2007-11-14,19010308.0,9815000.0,9815000.0,9815000.0
2007-11-15,19013897.0,9815000.0,9815000.0,9815000.0
2007-11-16,19016490.0,9815000.0,9815000.0,9815000.0
2007-11-19,19020465.0,9815000.0,9815000.0,9815000.0
2007-11-20,19025303.0,9815000.0,9815000.0,9815000.0
2007-11-21,19020062.0,9815000.0,9815000.0,9815000.0
2007-11-23,19031343.0,9815000.0,9815000.0,9815000.0
2007-11-26,19033777.0,9815000.0,9815000.0,9815000.0
2007-11-27,19037295.0,9815000.0,9815000.0,9815000.0
2007-11-28,19030581.0,9815000.0,9815000.0,9815000.0
2007-11-29,19040363.0,9815000.0,9815000.0,9815000.0
2007-11-30,19047993.0,9815000.0,9815000.0,9815000.0
2007-12-03,19053312.0,9815000.0,9815000.0,9815000.0
2007-12-04,19061517.0,9815000.0,9815000.0,9815000.0
2007-12-05,19061448.0,9815000.0,9815000.0,9815000.0
2007-12-06,19067011.0,9815000.0,9815000.0,9815000.0
2007-12-07,19064647.0,9815000.0,9815000.0,9815000.0
2007-12-10,19066104.0,9815000.0,9815000.0,9815000.0
2007-12-11,19069830.0,9815000.0,9815000.0,9815000.0
2007-12-12,19072211.0,9815000.0,9815000.0,9815000.0
2007-12-13,19070749.0,9815000.0,9815000.0,9815000.0
2007-12-14,19069539.0,9815000.0,9815000.0,9815000.0
2007-12-17,19039601.0,9815000.0,9815000.0,9815000.0
2007-12-18,19048695.0,9815000.0,9815000.0,9815000.0
2007-12-19,19042859.0,9815000.0,9815000.0,9815000.0
2007-12-20,19034099.0,9815000.0,9815000.0,9815000.0
2007-12-21,19039307.0,9815000.0,9815000.0,9815000.0
2007-12-24,19041168.0,9815000.0,9815000.0,9815000.0
2007-12-26,19038080.0,9815000.0,9815000.0,9815000.0
2007-12-27,19023172.0,9815000.0,9815000.0,9815000.0
2007-12-28,19019593.0,9815000.0,9815000.0,9815000.0
2007-12-31,19128766.0,9815000.0,9815000.0,9815000.0
2008-01-02,19109941.0,9815000.0,9815000.0,9815000.0
2008-01-03,19094722.0,9815000.0,9815000.0,9815000.0
2008-01-04,19097243.0,9815000.0,9815000.0,9815000.0
2008-01-07,19098895.0,9815000.0,9815000.0,9815000.0
2008-01-08,19100452.0,9815000.0,9815000.0,9815000.0
2008-01-09,19095570.0,9815000.0,9815000.0,9815000.0
2008-01-10,19098008.0,9815000.0,9815000.0,9815000.0
2008-01-11,19097753.0,9815000.0,9815000.0,9815000.0
2008-01-14,19099074.0,9815000.0,9815000.0,9815000.0
2008-01-15,19092722.0,9815000.0,9815000.0,9815000.0
2008-01-16,19088765.0,9815000.0,9815000.0,9815000.0
2008-01-17,19086473.0,9815000.0,9815000.0,9815000.0
2008-01-18,19087422.0,9815000.0,9815000.0,9815000.0
2008-01-22,19089435.0,9815000.0,9815000.0,9815000.0
2008-01-23,19090497.0,9815000.0,9815000.0,9815000.0
2008-01-24,19094084.0,9815000.0,9815000.0,9815000.0
2008-01-25,19101021.0,9815000.0,9815000.0,9815000.0
2008-01-28,19101383.0,9815000.0,9815000.0,9815000.0
2008-01-29,19105869.0,9815000.0,9815000.0,9815000.0
2008-01-30,19098405.0,9815000.0,9815000.0,9815000.0
2008-01-31,19135278.0,9815000.0,9815000.0,9815000.0
2008-02-01,19108026.0,9815000.0,9815000.0,9815000.0
2008-02-04,19117120.0,9815000.0,9815000.0,9815000.0
2008-02-05,19122251.0,9815000.0,9815000.0,9815000.0
2008-02-06,19120629.0,9815000.0,9815000.0,9815000.0
2008-02-07,19139770.0,9815000.0,9815000.0,9815000.0
2008-02-08,19142281.0,9815000.0,9815000.0,9815000.0
2008-02-11,19143374.0,9815000.0,9815000.0,9815000.0
2008-02-12,19148086.0,9815000.0,9815000.0,9815000.0
2008-02-13,19141214.0,9815000.0,9815000.0,9815000.0
2008-02-14,19189464.0,9815000.0,9815000.0,9815000.0
2008-02-15,19187026.0,9815000.0,9815000.0,9815000.0
2008-02-19,19189043.0,9815000.0,9815000.0,9815000.0
2008-02-20,19191745.0,9815000.0,9815000.0,9815000.0
2008-02-21,19213204.0,9815000.0,9815000.0,9815000.0
2008-02-22,19217317.0,9815000.0,9815000.0,9815000.0
2008-02-25,19218110.0,9815000.0,9815000.0,9815000.0
2008-02-26,19223317.0,9815000.0,9815000.0,9815000.0
2008-02-27,19226732.0,9815000.0,9815000.0,9815000.0
2008-02-28,19240195.0,9815000.0,9815000.0,9815000.0
2008-02-29,19255525.0,9815000.0,9815000.0,9815000.0
2008-03-03,19265683.0,9815000.0,9815000.0,9815000.0
2008-03-04,19276652.0,9815000.0,9815000.0,9815000.0
2008-03-05,19277435.0,9815000.0,9815000.0,9815000.0
2008-03-06,19292376.0,9815000.0,9815000.0,9815000.0
2008-03-07,19291258.0,9815000.0,9815000.0,9815000.0
2008-03-10,19293705.0,9815000.0,9815000.0,9815000.0
2008-03-11,19299540.0,9815000.0,9815000.0,9815000.0
2008-03-12,19293813.0,9815000.0,9815000.0,9815000.0
2008-03-13,19305076.0,9815000.0,9815000.0,9815000.0
2008-03-14,19305167.0,9815000.0,9815000.0,9815000.0
2008-03-17,19275877.0,9815000.0,9815000.0,9815000.0
2008-03-18,19285822.0,9815000.0,9815000.0,9815000.0
2008-03-19,19279575.0,9815000.0,9815000.0,9815000.0
2008-03-20,19288778.0,9815000.0,9815000.0,9815000.0
2008-03-21,19289042.0,9815000.0,9815000.0,9815000.0
2008-03-24,19291934.0,9815000.0,9815000.0,9815000.0
2008-03-25,19296724.0,9815000.0,9815000.0,9815000.0
2008-03-26,19290170.0,9815000.0,9815000.0,9815000.0
2008-03-27,19308203.0,9815000.0,9815000.0,9815000.0
2008-03-28,19303688.0,9815000.0,9815000.0,9815000.0
2008-03-31,19332160.0,9815000.0,9815000.0,9815000.0
2008-04-01,19341043.0,9815000.0,9815000.0,9815000.0
2008-04-02,19349126.0,9815000.0,9815000.0,9815000.0
2008-04-03,19332015.0,9815000.0,9815000.0,9815000.0
2008-04-04,19333016.0,9815000.0,9815000.0,9815000.0
2008-04-07,19335451.0,9815000.0,9815000.0,9815000.0
2008-04-08,19340323.0,9815000.0,9815000.0,9815000.0
2008-04-09,19331441.0,9815000.0,9815000.0,9815000.0
2008-04-10,19336983.0,9815000.0,9815000.0,9815000.0
2008-04-11,19336951.0,9815000.0,9815000.0,9815000.0
2008-04-14,19338348.0,9815000.0,9815000.0,9815000.0
2008-04-15,19302933.0,9815000.0,9815000.0,9815000.0
2008-04-16,19294516.0,9815000.0,9815000.0,9815000.0
2008-04-17,19262272.0,9815000.0,9815000.0,9815000.0
2008-04-18,19266357.0,9815000.0,9815000.0,9815000.0
2008-04-21,19248570.0,9815000.0,9815000.0,9815000.0
2008-04-22,19235060.0,9815000.0,9815000.0,9815000.0
2008-04-23,19234585.0,9815000.0,9815000.0,9815000.0
2008-04-24,19226452.0,9815000.0,9815000.0,9815000.0
2008-04-25,19228147.0,9815000.0,9815000.0,9815000.0
2008-04-28,19230488.0,9815000.0,9815000.0,9815000.0
2008-04-29,19230950.0,9815000.0,9815000.0,9815000.0
2008-04-30,19271649.0,9815000.0,9815000.0,9815000.0
2008-05-01,19240699.0,9815000.0,9815000.0,9815000.0
2008-05-02,19242215.0,9815000.0,9815000.0,9815000.0
2008-05-05,19246923.0,9815000.0,9815000.0,9815000.0
2008-05-06,19252476.0,9815000.0,9815000.0,9815000.0
2008-05-07,19254131.0,9815000.0,9815000.0,9815000.0
2008-05-08,19259440.0,9815000.0,9815000.0,9815000.0
2008-05-09,19259817.0,9815000.0,9815000.0,9815000.0
2008-05-12,19260879.0,9815000.0,9815000.0,9815000.0
2008-05-13,19265065.0,9815000.0,9815000.0,9815000.0
2008-05-14,19258816.0,9815000.0,9815000.0,9815000.0
2008-05-15,19247065.0,9815000.0,9815000.0,9815000.0
2008-05-16,19247368.0,9815000.0,9815000.0,9815000.0
2008-05-19,19251377.0,9815000.0,9815000.0,9815000.0
2008-05-20,19273609.0,9815000.0,9815000.0,9815000.0
2008-05-21,19267830.0,9815000.0,9815000.0,9815000.0
2008-05-22,19287358.0,9815000.0,9815000.0,9815000.0
2008-05-23,19288581.0,9815000.0,9815000.0,9815000.0
2008-05-27,19287678.0,9815000.0,9815000.0,9815000.0
2008-05-28,19284989.0,9815000.0,9815000.0,9815000.0
2008-05-29,19285882.0,9815000.0,9815000.0,9815000.0
2008-05-30,19268432.0,9815000.0,9815000.0,9815000.0
2008-06-02,19275971.0,9815000.0,9815000.0,9815000.0
2008-06-03,19274942.0,9815000.0,9815000.0,9815000.0
2008-06-04,19275307.0,9815000.0,9815000.0,9815000.0
2008-06-05,19287651.0,9815000.0,9815000.0,9815000.0
2008-06-06,19285830.0,9815000.0,9815000.0,9815000.0
2008-06-09,19287112.0,9815000.0,9815000.0,9815000.0
2008-06-10,19291396.0,9815000.0,9815000.0,9815000.0
2008-06-11,19308091.0,9815000.0,9815000.0,9815000.0
2008-06-12,19295542.0,9815000.0,9815000.0,9815000.0
2008-06-13,19295570.0,9815000.0,9815000.0,9815000.0
2008-06-16,19266629.0,9815000.0,9815000.0,9815000.0
2008-06-17,19276403.0,9815000.0,9815000.0,9815000.0
2008-06-18,19271806.0,9815000.0,9815000.0,9815000.0
2008-06-19,19250369.0,9815000.0,9815000.0,9815000.0
2008-06-20,19250773.0,9815000.0,9815000.0,9815000.0
2008-06-23,19253122.0,9815000.0,9815000.0,9815000.0
2008-06-24,19259046.0,9815000.0,9815000.0,9815000.0
2008-06-25,19250634.0,9815000.0,9815000.0,9815000.0
2008-06-26,19248897.0,9815000.0,9815000.0,9815000.0
2008-06-27,19243784.0,9815000.0,9815000.0,9815000.0
2008-06-30,19371213.0,9815000.0,9815000.0,9815000.0
2008-07-01,19346663.0,9815000.0,9815000.0,9815000.0
2008-07-02,19352148.0,9815000.0,9815000.0,9815000.0
2008-07-03,19372052.0,9815000.0,9815000.0,9815000.0
2008-07-07,19373130.0,9815000.0,9815000.0,9815000.0
2008-07-08,19379283.0,9815000.0,9815000.0,9815000.0
2008-07-09,19372608.0,9815000.0,9815000.0,9815000.0
2008-07-10,19382424.0,9815000.0,9815000.0,9815000.0
2008-07-11,19381146.0,9815000.0,9815000.0,9815000.0
2008-07-14,19378029.0,9815000.0,9815000.0,9815000.0
2008-07-15,19389196.0,9815000.0,9815000.0,9815000.0
2008-07-16,19384113.0,9815000.0,9815000.0,9815000.0
2008-07-17,19397652.0,9815000.0,9815000.0,9815000.0
2008-07-18,19397889.0,9815000.0,9815000.0,9815000.0
2008-07-21,19399808.0,9815000.0,9815000.0,9815000.0
2008-07-22,19412198.0,9815000.0,9815000.0,9815000.0
2008-07-23,19405927.0,9815000.0,9815000.0,9815000.0
2008-07-24,19419777.0,9815000.0,9815000.0,9815000.0
2008-07-25,19420244.0,9815000.0,9815000.0,9815000.0
2008-07-28,19416862.0,9815000.0,9815000.0,9815000.0
2008-07-29,19416895.0,9815000.0,9815000.0,9815000.0
2008-07-30,20211777.0,9815000.0,9815000.0,9815000.0
2008-07-31,20265841.0,10615000.0,9815000.0,9815000.0
2008-08-01,20236869.0,10615000.0,10615000.0,9815000.0
2008-08-04,20245508.0,10615000.0,10615000.0,9815000.0
2008-08-05,20250089.0,10615000.0,10615000.0,9815000.0
2008-08-06,20249510.0,10615000.0,10615000.0,9815000.0
2008-08-07,20252090.0,10615000.0,10615000.0,9815000.0
2008-08-08,20254048.0,10615000.0,10615000.0,9815000.0
2008-08-11,20255586.0,10615000.0,10615000.0,9815000.0
2008-08-12,20259723.0,10615000.0,10615000.0,9815000.0
2008-08-13,20279374.0,10615000.0,10615000.0,9815000.0
2008-08-14,20274197.0,10615000.0,10615000.0,9815000.0
2008-08-15,20287817.0,10615000.0,10615000.0,9815000.0
2008-08-18,20288757.0,10615000.0,10615000.0,9815000.0
2008-08-19,20295486.0,10615000.0,10615000.0,9815000.0
2008-08-20,20289024.0,10615000.0,10615000.0,9815000.0
2008-08-21,20299716.0,10615000.0,10615000.0,9815000.0
2008-08-22,20299739.0,10615000.0,10615000.0,9815000.0
2008-08-25,20302342.0,10615000.0,10615000.0,9815000.0
2008-08-26,20316399.0,10615000.0,10615000.0,9815000.0
2008-08-27,20309483.0,10615000.0,10615000.0,9815000.0
2008-08-28,20331809.0,10615000.0,10615000.0,9815000.0
2008-08-29,20326045.0,10615000.0,10615000.0,9815000.0
2008-09-02,20347985.0,10615000.0,10615000.0,9815000.0
2008-09-03,20347820.0,10615000.0,10615000.0,9815000.0
2008-09-04,20348669.0,10615000.0,10615000.0,9815000.0
2008-09-05,20350206.0,10615000.0,10615000.0,9815000.0
2008-09-08,20349047.0,10615000.0,10615000.0,9815000.0
2008-09-09,20372903.0,10615000.0,10615000.0,9815000.0
2008-09-10,20364863.0,10615000.0,10615000.0,9815000.0
2008-09-11,20362505.0,10615000.0,10615000.0,9815000.0
2008-09-12,20363638.0,10615000.0,10615000.0,9815000.0
2008-09-15,20314205.0,10615000.0,10615000.0,9815000.0
2008-09-16,20319837.0,10615000.0,10615000.0,9815000.0
2008-09-17,20327125.0,10615000.0,10615000.0,9815000.0
2008-09-18,20344848.0,10615000.0,10615000.0,9815000.0
2008-09-19,20407181.0,10615000.0,10615000.0,9815000.0
2008-09-22,20466010.0,10615000.0,10615000.0,9815000.0
2008-09-23,20471645.0,10615000.0,10615000.0,9815000.0
2008-09-24,20468089.0,10615000.0,10615000.0,9815000.0
2008-09-25,20529939.0,10615000.0,10615000.0,9815000.0
2008-09-26,20569859.0,10615000.0,10615000.0,9815000.0
2008-09-29,20626311.0,10615000.0,10615000.0,9815000.0
2008-09-30,20704702.0,10615000.0,10615000.0,9815000.0
2008-10-01,20804154.0,10615000.0,10615000.0,10615000.0
2008-10-02,20829636.0,10615000.0,10615000.0,10615000.0
2008-10-03,21567138.0,10615000.0,10615000.0,10615000.0
2008-10-06,21568402.0,11315000.0,10615000.0,10615000.0
2008-10-07,21604856.0,11315000.0,10615000.0,10615000.0
2008-10-08,21625856.0,11315000.0,10615000.0,10615000.0
2008-10-09,21647168.0,11315000.0,10615000.0,10615000.0
2008-10-10,21675156.0,11315000.0,10615000.0,10615000.0
2008-10-14,21674881.0,11315000.0,10615000.0,10615000.0
2008-10-15,21706456.0,11315000.0,10615000.0,10615000.0
2008-10-16,21711688.0,11315000.0,10615000.0,10615000.0
2008-10-17,21714682.0,11315000.0,10615000.0,10615000.0
2008-10-20,21845843.0,11315000.0,10615000.0,10615000.0
2008-10-21,21848268.0,11315000.0,10615000.0,10615000.0
2008-10-22,21876819.0,11315000.0,10615000.0,10615000.0
2008-10-23,21906478.0,11315000.0,10615000.0,10615000.0
2008-10-24,21906239.0,11315000.0,10615000.0,10615000.0
2008-10-27,21906787.0,11315000.0,10615000.0,10615000.0
2008-10-28,21908374.0,11315000.0,10615000.0,10615000.0
2008-10-29,21907396.0,11315000.0,10615000.0,10615000.0
2008-10-30,21913670.0,11315000.0,10615000.0,10615000.0
2008-10-31,21958590.0,11315000.0,10615000.0,10615000.0
2008-11-03,21940433.0,11315000.0,11315000.0,10615000.0
2008-11-04,21950322.0,11315000.0,11315000.0,10615000.0
2008-11-05,21950966.0,11315000.0,11315000.0,10615000.0
2008-11-06,22009322.0,11315000.0,11315000.0,10615000.0
2008-11-07,22006921.0,11315000.0,11315000.0,10615000.0
2008-11-10,22006740.0,11315000.0,11315000.0,10615000.0
2008-11-12,22002871.0,11315000.0,11315000.0,10615000.0
2008-11-13,21963081.0,11315000.0,11315000.0,10615000.0
2008-11-14,22002373.0,11315000.0,11315000.0,10615000.0
2008-11-17,22002382.0,11315000.0,11315000.0,10615000.0
2008-11-18,22044520.0,11315000.0,11315000.0,10615000.0
2008-11-19,22036344.0,11315000.0,11315000.0,10615000.0
2008-11-20,22039759.0,11315000.0,11315000.0,10615000.0
2008-11-21,22039695.0,11315000.0,11315000.0,10615000.0
2008-11-24,22038263.0,11315000.0,11315000.0,10615000.0
2008-11-25,22042284.0,11315000.0,11315000.0,10615000.0
2008-11-26,22031775.0,11315000.0,11315000.0,10615000.0
2008-11-28,22041728.0,11315000.0,11315000.0,10615000.0
2008-12-01,22061615.0,11315000.0,11315000.0,10615000.0
2008-12-02,22065573.0,11315000.0,11315000.0,10615000.0
2008-12-03,22056266.0,11315000.0,11315000.0,10615000.0
2008-12-04,22034209.0,11315000.0,11315000.0,10615000.0
2008-12-05,22033526.0,11315000.0,11315000.0,10615000.0
2008-12-08,22033970.0,11315000.0,11315000.0,10615000.0
2008-12-09,22036090.0,11315000.0,11315000.0,10615000.0
2008-12-10,22028340.0,11315000.0,11315000.0,10615000.0
2008-12-11,21977816.0,11315000.0,11315000.0,10615000.0
2008-12-12,21976935.0,11315000.0,11315000.0,10615000.0
2008-12-15,22035262.0,11315000.0,11315000.0,10615000.0
2008-12-16,22010150.0,11315000.0,11315000.0,10615000.0
2008-12-17,22035070.0,11315000.0,11315000.0,10615000.0
2008-12-18,21978098.0,11315000.0,11315000.0,10615000.0
2008-12-19,21977761.0,11315000.0,11315000.0,10615000.0
2008-12-22,21946801.0,11315000.0,11315000.0,10615000.0
2008-12-23,21981079.0,11315000.0,11315000.0,10615000.0
2008-12-24,21965836.0,11315000.0,11315000.0,10615000.0
2008-12-26,21931892.0,11315000.0,11315000.0,10615000.0
2008-12-29,21933047.0,11315000.0,11315000.0,10615000.0
2008-12-30,21931926.0,11315000.0,11315000.0,10615000.0
2008-12-31,22074439.0,11315000.0,11315000.0,10615000.0
2009-01-02,22002481.0,11315000.0,11315000.0,10615000.0
2009-01-05,22009857.0,11315000.0,11315000.0,10615000.0
2009-01-06,22012713.0,11315000.0,11315000.0,10615000.0
2009-01-07,22010001.0,11315000.0,11315000.0,10615000.0
2009-01-08,21982557.0,11315000.0,11315000.0,10615000.0
2009-01-09,21983936.0,11315000.0,11315000.0,10615000.0
2009-01-12,21983806.0,11315000.0,11315000.0,10615000.0
2009-01-13,21987864.0,11315000.0,11315000.0,10615000.0
2009-01-14,21979888.0,11315000.0,11315000.0,10615000.0
2009-01-15,22001723.0,11315000.0,11315000.0,10615000.0
2009-01-16,22002844.0,11315000.0,11315000.0,10615000.0
2009-01-20,22000641.0,11315000.0,11315000.0,10615000.0
2009-01-21,21998767.0,11315000.0,11315000.0,10615000.0
2009-01-22,21992439.0,11315000.0,11315000.0,10615000.0
2009-01-23,21994070.0,11315000.0,11315000.0,10615000.0
2009-01-26,21994388.0,11315000.0,11315000.0,10615000.0
2009-01-27,21999561.0,11315000.0,11315000.0,10615000.0
2009-01-28,21991295.0,11315000.0,11315000.0,10615000.0
2009-01-29,21999759.0,11315000.0,11315000.0,10615000.0
2009-01-30,22009803.0,11315000.0,11315000.0,10615000.0
2009-02-02,22045671.0,11315000.0,11315000.0,10615000.0
2009-02-03,22046218.0,11315000.0,11315000.0,10615000.0
2009-02-04,22046721.0,11315000.0,11315000.0,10615000.0
2009-02-05,22095579.0,11315000.0,11315000.0,10615000.0
2009-02-06,22094816.0,11315000.0,11315000.0,10615000.0
2009-02-09,22095040.0,11315000.0,11315000.0,10615000.0
2009-02-10,22098640.0,11315000.0,11315000.0,10615000.0
2009-02-11,22090353.0,11315000.0,11315000.0,10615000.0
2009-02-12,22136631.0,11315000.0,11315000.0,10615000.0
2009-02-13,22136406.0,11315000.0,11315000.0,10615000.0
2009-02-17,22955997.0,11315000.0,11315000.0,10615000.0
2009-02-18,22956094.0,12104000.0,11315000.0,10615000.0
2009-02-19,22968251.0,12104000.0,11315000.0,10615000.0
2009-02-20,23005114.0,12104000.0,11315000.0,10615000.0
2009-02-23,23005751.0,12104000.0,11315000.0,10615000.0
2009-02-24,23009535.0,12104000.0,11315000.0,10615000.0
2009-02-25,23003635.0,12104000.0,11315000.0,10615000.0
2009-02-26,23047587.0,12104000.0,11315000.0,10615000.0
2009-02-27,23043688.0,12104000.0,11315000.0,10615000.0
2009-03-02,23108620.0,12104000.0,12104000.0,10615000.0
2009-03-03,23110249.0,12104000.0,12104000.0,10615000.0
2009-03-04,23110705.0,12104000.0,12104000.0,10615000.0
2009-03-05,23119461.0,12104000.0,12104000.0,10615000.0
2009-03-06,23117965.0,12104000.0,12104000.0,10615000.0
2009-03-09,23118917.0,12104000.0,12104000.0,10615000.0
2009-03-10,23124619.0,12104000.0,12104000.0,10615000.0
2009-03-11,23117267.0,12104000.0,12104000.0,10615000.0
2009-03-12,23149948.0,12104000.0,12104000.0,10615000.0
2009-03-13,23150106.0,12104000.0,12104000.0,10615000.0
2009-03-16,23199385.0,12104000.0,12104000.0,10615000.0
2009-03-17,23208738.0,12104000.0,12104000.0,10615000.0
2009-03-18,23200366.0,12104000.0,12104000.0,10615000.0
2009-03-19,23205882.0,12104000.0,12104000.0,10615000.0
2009-03-20,23206960.0,12104000.0,12104000.0,10615000.0
2009-03-23,23207737.0,12104000.0,12104000.0,10615000.0
2009-03-24,23212912.0,12104000.0,12104000.0,10615000.0
2009-03-25,23203857.0,12104000.0,12104000.0,10615000.0
2009-03-26,23212236.0,12104000.0,12104000.0,10615000.0
2009-03-27,23211501.0,12104000.0,12104000.0,10615000.0
2009-03-30,23209413.0,12104000.0,12104000.0,10615000.0
2009-03-31,23291693.0,12104000.0,12104000.0,10615000.0
2009-04-01,23275366.0,12104000.0,12104000.0,10615000.0
2009-04-02,23289283.0,12104000.0,12104000.0,10615000.0
2009-04-03,23311293.0,12104000.0,12104000.0,10615000.0
2009-04-06,23313949.0,12104000.0,12104000.0,10615000.0
2009-04-07,23317335.0,12104000.0,12104000.0,10615000.0
2009-04-08,23309874.0,12104000.0,12104000.0,10615000.0
2009-04-09,23334184.0,12104000.0,12104000.0,10615000.0
2009-04-10,23334402.0,12104000.0,12104000.0,10615000.0
2009-04-13,23334443.0,12104000.0,12104000.0,10615000.0
2009-04-14,23335921.0,12104000.0,12104000.0,10615000.0
2009-04-15,23381179.0,12104000.0,12104000.0,10615000.0
2009-04-16,23346241.0,12104000.0,12104000.0,10615000.0
2009-04-17,23348017.0,12104000.0,12104000.0,10615000.0
2009-04-20,23351564.0,12104000.0,12104000.0,10615000.0
2009-04-21,23355601.0,12104000.0,12104000.0,10615000.0
2009-04-22,23353159.0,12104000.0,12104000.0,10615000.0
2009-04-23,23347041.0,12104000.0,12104000.0,10615000.0
2009-04-24,23347380.0,12104000.0,12104000.0,10615000.0
2009-04-27,23351420.0,12104000.0,12104000.0,10615000.0
2009-04-28,23356264.0,12104000.0,12104000.0,10615000.0
2009-04-29,23314808.0,12104000.0,12104000.0,10615000.0
2009-04-30,23402385.0,12104000.0,12104000.0,10615000.0
2009-05-01,23371833.0,12104000.0,12104000.0,10615000.0
2009-05-04,23383617.0,12104000.0,12104000.0,10615000.0
2009-05-05,23391075.0,12104000.0,12104000.0,10615000.0
2009-05-06,23390381.0,12104000.0,12104000.0,10615000.0
2009-05-07,23420018.0,12104000.0,12104000.0,10615000.0
2009-05-08,23422410.0,12104000.0,12104000.0,10615000.0
2009-05-11,23424062.0,12104000.0,12104000.0,10615000.0
2009-05-12,23427371.0,12104000.0,12104000.0,10615000.0
2009-05-13,23419963.0,12104000.0,12104000.0,10615000.0
2009-05-14,23434590.0,12104000.0,12104000.0,10615000.0
2009-05-15,23448273.0,12104000.0,12104000.0,10615000.0
2009-05-18,23450651.0,12104000.0,12104000.0,10615000.0
2009-05-19,23457379.0,12104000.0,12104000.0,10615000.0
2009-05-20,23449450.0,12104000.0,12104000.0,10615000.0
2009-05-21,23469699.0,12104000.0,12104000.0,10615000.0
2009-05-22,23465666.0,12104000.0,12104000.0,10615000.0
2009-05-26,23469446.0,12104000.0,12104000.0,10615000.0
2009-05-27,23464932.0,12104000.0,12104000.0,10615000.0
2009-05-28,23475538.0,12104000.0,12104000.0,10615000.0
2009-05-29,23486784.0,12104000.0,12104000.0,10615000.0
2009-06-01,23545117.0,12104000.0,12104000.0,10615000.0
2009-06-02,23547853.0,12104000.0,12104000.0,10615000.0
2009-06-03,23539347.0,12104000.0,12104000.0,10615000.0
2009-06-04,23554230.0,12104000.0,12104000.0,10615000.0
2009-06-05,23553144.0,12104000.0,12104000.0,10615000.0
2009-06-08,23555359.0,12104000.0,12104000.0,10615000.0
2009-06-09,23556532.0,12104000.0,12104000.0,10615000.0
2009-06-10,23549028.0,12104000.0,12104000.0,10615000.0
2009-06-11,23540716.0,12104000.0,12104000.0,10615000.0
2009-06-12,23540011.0,12104000.0,12104000.0,10615000.0
2009-06-15,23565686.0,12104000.0,12104000.0,10615000.0
2009-06-16,23570944.0,12104000.0,12104000.0,10615000.0
2009-06-17,23567669.0,12104000.0,12104000.0,10615000.0
2009-06-18,23564184.0,12104000.0,12104000.0,10615000.0
2009-06-19,23562604.0,12104000.0,12104000.0,10615000.0
2009-06-22,23565455.0,12104000.0,12104000.0,10615000.0
2009-06-23,23572740.0,12104000.0,12104000.0,10615000.0
2009-06-24,23530388.0,12104000.0,12104000.0,10615000.0
2009-06-25,23528289.0,12104000.0,12104000.0,10615000.0
2009-06-26,23527224.0,12104000.0,12104000.0,10615000.0
2009-06-29,23523053.0,12104000.0,12104000.0,10615000.0
2009-06-30,23707108.0,12104000.0,12104000.0,10615000.0
2009-07-01,23680276.0,12104000.0,12104000.0,10615000.0
2009-07-02,23651559.0,12104000.0,12104000.0,10615000.0
2009-07-03,23652463.0,12104000.0,12104000.0,10615000.0
2009-07-06,23682604.0,12104000.0,12104000.0,10615000.0
2009-07-07,23685848.0,12104000.0,12104000.0,10615000.0
2009-07-08,23677040.0,12104000.0,12104000.0,10615000.0
2009-07-09,23688316.0,12104000.0,12104000.0,10615000.0
2009-07-10,23686588.0,12104000.0,12104000.0,10615000.0
2009-07-13,23687288.0,12104000.0,12104000.0,10615000.0
2009-07-14,23690857.0,12104000.0,12104000.0,10615000.0
2009-07-15,23741266.0,12104000.0,12104000.0,10615000.0
2009-07-16,23760299.0,12104000.0,12104000.0,10615000.0
2009-07-17,23762341.0,12104000.0,12104000.0,10615000.0
2009-07-20,23763034.0,12104000.0,12104000.0,10615000.0
2009-07-21,23766100.0,12104000.0,12104000.0,10615000.0
2009-07-22,23757201.0,12104000.0,12104000.0,10615000.0
2009-07-23,23767273.0,12104000.0,12104000.0,10615000.0
2009-07-24,23768251.0,12104000.0,12104000.0,10615000.0
2009-07-27,23769422.0,12104000.0,12104000.0,10615000.0
2009-07-28,23774314.0,12104000.0,12104000.0,10615000.0
2009-07-29,23772794.0,12104000.0,12104000.0,10615000.0
2009-07-30,23742950.0,12104000.0,12104000.0,10615000.0
2009-07-31,23831378.0,12104000.0,12104000.0,10615000.0
2009-08-03,23811005.0,12104000.0,12104000.0,10615000.0
2009-08-04,23822073.0,12104000.0,12104000.0,10615000.0
2009-08-05,23821480.0,12104000.0,12104000.0,10615000.0
2009-08-06,23822590.0,12104000.0,12104000.0,10615000.0
2009-08-07,23820634.0,12104000.0,12104000.0,10615000.0
2009-08-10,23824287.0,12104000.0,12104000.0,10615000.0
2009-08-11,23828797.0,12104000.0,12104000.0,10615000.0
2009-08-12,23820477.0,12104000.0,12104000.0,10615000.0
2009-08-13,23825165.0,12104000.0,12104000.0,10615000.0
2009-08-14,23832090.0,12104000.0,12104000.0,10615000.0
2009-08-17,23844770.0,12104000.0,12104000.0,10615000.0
2009-08-18,23888927.0,12104000.0,12104000.0,10615000.0
2009-08-19,23880537.0,12104000.0,12104000.0,10615000.0
2009-08-20,23883173.0,12104000.0,12104000.0,10615000.0
2009-08-21,23881574.0,12104000.0,12104000.0,10615000.0
2009-08-24,23881294.0,12104000.0,12104000.0,10615000.0
2009-08-25,23892802.0,12104000.0,12104000.0,10615000.0
2009-08-26,23878938.0,12104000.0,12104000.0,10615000.0
2009-08-27,23888006.0,12104000.0,12104000.0,10615000.0
2009-08-28,23881260.0,12104000.0,12104000.0,10615000.0
2009-08-31,23974562.0,12104000.0,12104000.0,10615000.0
2009-09-01,23954584.0,12104000.0,12104000.0,10615000.0
2009-09-02,23959183.0,12104000.0,12104000.0,10615000.0
2009-09-03,23948651.0,12104000.0,12104000.0,10615000.0
2009-09-04,23946375.0,12104000.0,12104000.0,10615000.0
2009-09-08,23948661.0,12104000.0,12104000.0,10615000.0
2009-09-09,23945640.0,12104000.0,12104000.0,10615000.0
2009-09-10,23956377.0,12104000.0,12104000.0,10615000.0
2009-09-11,23956000.0,12104000.0,12104000.0,10615000.0
2009-09-14,23953841.0,12104000.0,12104000.0,10615000.0
2009-09-15,23995391.0,12104000.0,12104000.0,10615000.0
2009-09-16,23989140.0,12104000.0,12104000.0,10615000.0
2009-09-17,23970428.0,12104000.0,12104000.0,10615000.0
2009-09-18,23968831.0,12104000.0,12104000.0,10615000.0
2009-09-21,23972173.0,12104000.0,12104000.0,10615000.0
2009-09-22,23980691.0,12104000.0,12104000.0,10615000.0
2009-09-23,23974759.0,12104000.0,12104000.0,10615000.0
2009-09-24,23931836.0,12104000.0,12104000.0,10615000.0
2009-09-25,23931830.0,12104000.0,12104000.0,10615000.0
2009-09-28,23932510.0,12104000.0,12104000.0,10615000.0
2009-09-29,23937148.0,12104000.0,12104000.0,10615000.0
2009-09-30,24070251.0,12104000.0,12104000.0,10615000.0
2009-10-01,24080954.0,12104000.0,12104000.0,12104000.0
2009-10-02,24078359.0,12104000.0,12104000.0,12104000.0
2009-10-05,24080197.0,12104000.0,12104000.0,12104000.0
2009-10-06,24086832.0,12104000.0,12104000.0,12104000.0
2009-10-07,24085093.0,12104000.0,12104000.0,12104000.0
2009-10-08,24058332.0,12104000.0,12104000.0,12104000.0
2009-10-09,24055155.0,12104000.0,12104000.0,12104000.0
2009-10-13,24066872.0,12104000.0,12104000.0,12104000.0
2009-10-14,24062829.0,12104000.0,12104000.0,12104000.0
2009-10-15,24105949.0,12104000.0,12104000.0,12104000.0
2009-10-16,24107945.0,12104000.0,12104000.0,12104000.0
2009-10-19,24111765.0,12104000.0,12104000.0,12104000.0
2009-10-20,24115717.0,12104000.0,12104000.0,12104000.0
2009-10-21,24107566.0,12104000.0,12104000.0,12104000.0
2009-10-22,24056029.0,12104000.0,12104000.0,12104000.0
2009-10-23,24055089.0,12104000.0,12104000.0,12104000.0
2009-10-26,24056724.0,12104000.0,12104000.0,12104000.0
2009-10-27,24060547.0,12104000.0,12104000.0,12104000.0
2009-10-28,24052766.0,12104000.0,12104000.0,12104000.0
2009-10-29,24027570.0,12104000.0,12104000.0,12104000.0
2009-10-30,24053290.0,12104000.0,12104000.0,12104000.0
2009-11-02,24134600.0,12104000.0,12104000.0,12104000.0
2009-11-03,24139018.0,12104000.0,12104000.0,12104000.0
2009-11-04,24139946.0,12104000.0,12104000.0,12104000.0
2009-11-05,24151565.0,12104000.0,12104000.0,12104000.0
2009-11-06,24149862.0,12104000.0,12104000.0,12104000.0
2009-11-09,24150944.0,12104000.0,12104000.0,12104000.0
2009-11-10,24147858.0,12104000.0,12104000.0,12104000.0
2009-11-12,24152112.0,12104000.0,12104000.0,12104000.0
2009-11-13,24152379.0,12104000.0,12104000.0,12104000.0
2009-11-16,24192110.0,12104000.0,12104000.0,12104000.0
2009-11-17,24200110.0,12104000.0,12104000.0,12104000.0
2009-11-18,24190973.0,12104000.0,12104000.0,12104000.0
2009-11-19,24172655.0,12104000.0,12104000.0,12104000.0
2009-11-20,24171411.0,12104000.0,12104000.0,12104000.0
2009-11-23,24172631.0,12104000.0,12104000.0,12104000.0
2009-11-24,24177094.0,12104000.0,12104000.0,12104000.0
2009-11-25,24170208.0,12104000.0,12104000.0,12104000.0
2009-11-27,24169392.0,12104000.0,12104000.0,12104000.0
2009-11-30,24272760.0,12104000.0,12104000.0,12104000.0
2009-12-01,24248920.0,12104000.0,12104000.0,12104000.0
2009-12-02,24250500.0,12104000.0,12104000.0,12104000.0
2009-12-03,24247047.0,12104000.0,12104000.0,12104000.0
2009-12-04,24247112.0,12104000.0,12104000.0,12104000.0
2009-12-07,24245783.0,12104000.0,12104000.0,12104000.0
2009-12-08,24250885.0,12104000.0,12104000.0,12104000.0
2009-12-09,24239313.0,12104000.0,12104000.0,12104000.0
2009-12-10,24252258.0,12104000.0,12104000.0,12104000.0
2009-12-11,24241277.0,12104000.0,12104000.0,12104000.0
2009-12-14,24230792.0,12104000.0,12104000.0,12104000.0
2009-12-15,24294463.0,12104000.0,12104000.0,12104000.0
2009-12-16,24288547.0,12104000.0,12104000.0,12104000.0
2009-12-17,24257295.0,12104000.0,12104000.0,12104000.0
2009-12-18,24257561.0,12104000.0,12104000.0,12104000.0
2009-12-21,24258769.0,12104000.0,12104000.0,12104000.0
2009-12-22,24254580.0,12104000.0,12104000.0,12104000.0
2009-12-23,24262095.0,12104000.0,12104000.0,12104000.0
2009-12-24,24260789.0,12104000.0,12104000.0,12104000.0
2009-12-28,24553889.0,12104000.0,12104000.0,12104000.0
2009-12-29,24549648.0,12394000.0,12104000.0,12104000.0
2009-12-30,24594306.0,12394000.0,12104000.0,12104000.0
2009-12-31,24762217.0,12394000.0,12104000.0,12104000.0
2010-01-04,24741037.0,12394000.0,12394000.0,12104000.0
2010-01-05,24754083.0,12394000.0,12394000.0,12104000.0
2010-01-06,24752845.0,12394000.0,12394000.0,12104000.0
2010-01-07,24731622.0,12394000.0,12394000.0,12104000.0
2010-01-08,24731364.0,12394000.0,12394000.0,12104000.0
2010-01-11,24736194.0,12394000.0,12394000.0,12104000.0
2010-01-12,24741862.0,12394000.0,12394000.0,12104000.0
2010-01-13,24732950.0,12394000.0,12394000.0,12104000.0
2010-01-14,24709311.0,12394000.0,12394000.0,12104000.0
2010-01-15,24770076.0,12394000.0,12394000.0,12104000.0
2010-01-19,24772790.0,12394000.0,12394000.0,12104000.0
2010-01-20,24778046.0,12394000.0,12394000.0,12104000.0
2010-01-21,24750846.0,12394000.0,12394000.0,12104000.0
2010-01-22,24753133.0,12394000.0,12394000.0,12104000.0
2010-01-25,24754353.0,12394000.0,12394000.0,12104000.0
2010-01-26,24759487.0,12394000.0,12394000.0,12104000.0
2010-01-27,24752356.0,12394000.0,12394000.0,12104000.0
2010-01-28,24725019.0,12394000.0,12394000.0,12104000.0
2010-01-29,24728838.0,12394000.0,12394000.0,12104000.0
2010-02-01,24800053.0,12394000.0,12394000.0,12104000.0
2010-02-02,24811516.0,12394000.0,12394000.0,12104000.0
2010-02-03,24804597.0,12394000.0,12394000.0,12104000.0
2010-02-04,24796995.0,12394000.0,12394000.0,12104000.0
2010-02-05,24796062.0,12394000.0,12394000.0,12104000.0
2010-02-08,24798405.0,12394000.0,12394000.0,12104000.0
2010-02-09,24799953.0,12394000.0,12394000.0,12104000.0
2010-02-10,24791039.0,12394000.0,12394000.0,12104000.0
2010-02-11,24799892.0,12394000.0,12394000.0,12104000.0
2010-02-12,26702177.0,12394000.0,12394000.0,12104000.0
2010-02-16,26734846.0,14294000.0,12394000.0,12104000.0
2010-02-17,26736967.0,14294000.0,12394000.0,12104000.0
2010-02-18,26751938.0,14294000.0,12394000.0,12104000.0
2010-02-19,26752528.0,14294000.0,12394000.0,12104000.0
2010-02-22,26753452.0,14294000.0,12394000.0,12104000.0
2010-02-23,26759784.0,14294000.0,12394000.0,12104000.0
2010-02-24,26752173.0,14294000.0,12394000.0,12104000.0
2010-02-25,26784076.0,14294000.0,12394000.0,12104000.0
2010-02-26,26790492.0,14294000.0,12394000.0,12104000.0
2010-03-01,26857944.0,14294000.0,14294000.0,12104000.0
2010-03-02,26869815.0,14294000.0,14294000.0,12104000.0
2010-03-03,26859321.0,14294000.0,14294000.0,12104000.0
2010-03-04,26895891.0,14294000.0,14294000.0,12104000.0
2010-03-05,26895085.0,14294000.0,14294000.0,12104000.0
2010-03-08,26896707.0,14294000.0,14294000.0,12104000.0
2010-03-09,26903022.0,14294000.0,14294000.0,12104000.0
2010-03-10,26894691.0,14294000.0,14294000.0,12104000.0
2010-03-11,26925912.0,14294000.0,14294000.0,12104000.0
2010-03-12,26926095.0,14294000.0,14294000.0,12104000.0
2010-03-15,26987029.0,14294000.0,14294000.0,12104000.0
2010-03-16,26994051.0,14294000.0,14294000.0,12104000.0
2010-03-17,26990113.0,14294000.0,14294000.0,12104000.0
2010-03-18,27011672.0,14294000.0,14294000.0,12104000.0
2010-03-19,27011396.0,14294000.0,14294000.0,12104000.0
2010-03-22,27013678.0,14294000.0,14294000.0,12104000.0
2010-03-23,27021184.0,14294000.0,14294000.0,12104000.0
2010-03-24,27012739.0,14294000.0,14294000.0,12104000.0
2010-03-25,27037880.0,14294000.0,14294000.0,12104000.0
2010-03-26,27036187.0,14294000.0,14294000.0,12104000.0
2010-03-29,27036491.0,14294000.0,14294000.0,12104000.0
2010-03-30,27034795.0,14294000.0,14294000.0,12104000.0
2010-03-31,27123809.0,14294000.0,14294000.0,12104000.0
2010-04-01,27115605.0,14294000.0,14294000.0,12104000.0
2010-04-02,27113460.0,14294000.0,14294000.0,12104000.0
2010-04-05,27137219.0,14294000.0,14294000.0,12104000.0
2010-04-06,27143613.0,14294000.0,14294000.0,12104000.0
2010-04-07,27142501.0,14294000.0,14294000.0,12104000.0
2010-04-08,27176830.0,14294000.0,14294000.0,12104000.0
2010-04-09,27176469.0,14294000.0,14294000.0,12104000.0
2010-04-12,27177109.0,14294000.0,14294000.0,12104000.0
2010-04-13,27181906.0,14294000.0,14294000.0,12104000.0
2010-04-14,27174189.0,14294000.0,14294000.0,12104000.0
2010-04-15,27225350.0,14294000.0,14294000.0,12104000.0
2010-04-16,27228428.0,14294000.0,14294000.0,12104000.0
2010-04-19,27213711.0,14294000.0,14294000.0,12104000.0
2010-04-20,27221900.0,14294000.0,14294000.0,12104000.0
2010-04-21,27216141.0,14294000.0,14294000.0,12104000.0
2010-04-22,27223256.0,14294000.0,14294000.0,12104000.0
2010-04-23,27227833.0,14294000.0,14294000.0,12104000.0
2010-04-26,27230950.0,14294000.0,14294000.0,12104000.0
2010-04-27,27236884.0,14294000.0,14294000.0,12104000.0
2010-04-28,27227285.0,14294000.0,14294000.0,12104000.0
2010-04-29,27203682.0,14294000.0,14294000.0,12104000.0
2010-04-30,27298823.0,14294000.0,14294000.0,12104000.0
2010-05-03,27277691.0,14294000.0,14294000.0,12104000.0
2010-05-04,27291607.0,14294000.0,14294000.0,12104000.0
2010-05-05,27294131.0,14294000.0,14294000.0,12104000.0
2010-05-06,27283693.0,14294000.0,14294000.0,12104000.0
2010-05-07,27279702.0,14294000.0,14294000.0,12104000.0
2010-05-10,27277494.0,14294000.0,14294000.0,12104000.0
2010-05-11,27281849.0,14294000.0,14294000.0,12104000.0
2010-05-12,27273837.0,14294000.0,14294000.0,12104000.0
2010-05-13,27278119.0,14294000.0,14294000.0,12104000.0
2010-05-14,27277380.0,14294000.0,14294000.0,12104000.0
2010-05-17,27325534.0,14294000.0,14294000.0,12104000.0
2010-05-18,27335287.0,14294000.0,14294000.0,12104000.0
2010-05-19,27325895.0,14294000.0,14294000.0,12104000.0
2010-05-20,27338460.0,14294000.0,14294000.0,12104000.0
2010-05-21,27338417.0,14294000.0,14294000.0,12104000.0
2010-05-24,27339663.0,14294000.0,14294000.0,12104000.0
2010-05-25,27346329.0,14294000.0,14294000.0,12104000.0
2010-05-26,27337806.0,14294000.0,14294000.0,12104000.0
2010-05-27,27338481.0,14294000.0,14294000.0,12104000.0
2010-05-28,27341944.0,14294000.0,14294000.0,12104000.0
2010-06-01,27400213.0,14294000.0,14294000.0,12104000.0
2010-06-02,27407659.0,14294000.0,14294000.0,12104000.0
2010-06-03,27405744.0,14294000.0,14294000.0,12104000.0
2010-06-04,27400064.0,14294000.0,14294000.0,12104000.0
2010-06-07,27401627.0,14294000.0,14294000.0,12104000.0
2010-06-08,27406362.0,14294000.0,14294000.0,12104000.0
2010-06-09,27395536.0,14294000.0,14294000.0,12104000.0
2010-06-10,27390818.0,14294000.0,14294000.0,12104000.0
2010-06-11,27390604.0,14294000.0,14294000.0,12104000.0
2010-06-14,27392492.0,14294000.0,14294000.0,12104000.0
2010-06-15,27427746.0,14294000.0,14294000.0,12104000.0
2010-06-16,27422309.0,14294000.0,14294000.0,12104000.0
2010-06-17,27388198.0,14294000.0,14294000.0,12104000.0
2010-06-18,27387761.0,14294000.0,14294000.0,12104000.0
2010-06-21,27389308.0,14294000.0,14294000.0,12104000.0
2010-06-22,27395891.0,14294000.0,14294000.0,12104000.0
2010-06-23,27391071.0,14294000.0,14294000.0,12104000.0
2010-06-24,27387321.0,14294000.0,14294000.0,12104000.0
2010-06-25,27387532.0,14294000.0,14294000.0,12104000.0
2010-06-28,27388094.0,14294000.0,14294000.0,12104000.0
2010-06-29,27386702.0,14294000.0,14294000.0,12104000.0
2010-06-30,27551460.0,14294000.0,14294000.0,12104000.0
2010-07-01,27524728.0,14294000.0,14294000.0,12104000.0
2010-07-02,27521724.0,14294000.0,14294000.0,12104000.0
2010-07-06,27523973.0,14294000.0,14294000.0,12104000.0
2010-07-07,27528303.0,14294000.0,14294000.0,12104000.0
2010-07-08,27538586.0,14294000.0,14294000.0,12104000.0
2010-07-09,27540189.0,14294000.0,14294000.0,12104000.0
2010-07-12,27540808.0,14294000.0,14294000.0,12104000.0
2010-07-13,27545559.0,14294000.0,14294000.0,12104000.0
2010-07-14,27535758.0,14294000.0,14294000.0,12104000.0
2010-07-15,27586517.0,14294000.0,14294000.0,12104000.0
2010-07-16,27586176.0,14294000.0,14294000.0,12104000.0
2010-07-19,27589117.0,14294000.0,14294000.0,12104000.0
2010-07-20,27592205.0,14294000.0,14294000.0,12104000.0
2010-07-21,27583686.0,14294000.0,14294000.0,12104000.0
2010-07-22,27595379.0,14294000.0,14294000.0,12104000.0
2010-07-23,27594734.0,14294000.0,14294000.0,12104000.0
2010-07-26,27598190.0,14294000.0,14294000.0,12104000.0
2010-07-27,27604423.0,14294000.0,14294000.0,12104000.0
2010-07-28,27593921.0,14294000.0,14294000.0,12104000.0
2010-07-29,27592746.0,14294000.0,14294000.0,12104000.0
2010-07-30,27584294.0,14294000.0,14294000.0,12104000.0
2010-08-02,27643361.0,14294000.0,14294000.0,12104000.0
2010-08-03,27648649.0,14294000.0,14294000.0,12104000.0
2010-08-04,27649296.0,14294000.0,14294000.0,12104000.0
2010-08-05,27657916.0,14294000.0,14294000.0,12104000.0
2010-08-06,27657131.0,14294000.0,14294000.0,12104000.0
2010-08-09,27658214.0,14294000.0,14294000.0,12104000.0
2010-08-10,27666777.0,14294000.0,14294000.0,12104000.0
2010-08-11,27654802.0,14294000.0,14294000.0,12104000.0
2010-08-12,27664012.0,14294000.0,14294000.0,12104000.0
2010-08-13,27662364.0,14294000.0,14294000.0,12104000.0
2010-08-16,27703890.0,14294000.0,14294000.0,12104000.0
2010-08-17,27711620.0,14294000.0,14294000.0,12104000.0
2010-08-18,27700664.0,14294000.0,14294000.0,12104000.0
2010-08-19,27710123.0,14294000.0,14294000.0,12104000.0
2010-08-20,27708619.0,14294000.0,14294000.0,12104000.0
2010-08-23,27710108.0,14294000.0,14294000.0,12104000.0
2010-08-24,27718115.0,14294000.0,14294000.0,12104000.0
2010-08-25,27708151.0,14294000.0,14294000.0,12104000.0
2010-08-26,27723089.0,14294000.0,14294000.0,12104000.0
2010-08-27,27722105.0,14294000.0,14294000.0,12104000.0
2010-08-30,27716675.0,14294000.0,14294000.0,12104000.0
2010-08-31,27794558.0,14294000.0,14294000.0,12104000.0
2010-09-01,27771679.0,14294000.0,14294000.0,12104000.0
2010-09-02,27786966.0,14294000.0,14294000.0,12104000.0
2010-09-03,27780235.0,14294000.0,14294000.0,12104000.0
2010-09-07,27783597.0,14294000.0,14294000.0,12104000.0
2010-09-08,27780165.0,14294000.0,14294000.0,12104000.0
2010-09-09,27789334.0,14294000.0,14294000.0,12104000.0
2010-09-10,27786585.0,14294000.0,14294000.0,12104000.0
2010-09-13,27788216.0,14294000.0,14294000.0,12104000.0
2010-09-14,27784982.0,14294000.0,14294000.0,12104000.0
2010-09-15,27842767.0,14294000.0,14294000.0,12104000.0
2010-09-16,27809666.0,14294000.0,14294000.0,12104000.0
2010-09-17,27812499.0,14294000.0,14294000.0,12104000.0
2010-09-20,27814048.0,14294000.0,14294000.0,12104000.0
2010-09-21,27821350.0,14294000.0,14294000.0,12104000.0
2010-09-22,27815767.0,14294000.0,14294000.0,12104000.0
2010-09-23,27808249.0,14294000.0,14294000.0,12104000.0
2010-09-24,27811574.0,14294000.0,14294000.0,12104000.0
2010-09-27,27812882.0,14294000.0,14294000.0,12104000.0
2010-09-28,27817410.0,14294000.0,14294000.0,12104000.0
2010-09-29,27810690.0,14294000.0,14294000.0,12104000.0
2010-09-30,27906427.0,14294000.0,14294000.0,12104000.0
2010-10-01,27955636.0,14294000.0,14294000.0,14294000.0
2010-10-04,27961996.0,14294000.0,14294000.0,14294000.0
2010-10-05,27969078.0,14294000.0,14294000.0,14294000.0
2010-10-06,27969388.0,14294000.0,14294000.0,14294000.0
2010-10-07,27960413.0,14294000.0,14294000.0,14294000.0
2010-10-08,27958776.0,14294000.0,14294000.0,14294000.0
2010-10-12,27957325.0,14294000.0,14294000.0,14294000.0
2010-10-13,27956943.0,14294000.0,14294000.0,14294000.0
2010-10-14,27951618.0,14294000.0,14294000.0,14294000.0
2010-10-15,28010581.0,14294000.0,14294000.0,14294000.0
2010-10-18,28013502.0,14294000.0,14294000.0,14294000.0
2010-10-19,28020596.0,14294000.0,14294000.0,14294000.0
2010-10-20,28012249.0,14294000.0,14294000.0,14294000.0
2010-10-21,28012366.0,14294000.0,14294000.0,14294000.0
2010-10-22,28011992.0,14294000.0,14294000.0,14294000.0
2010-10-25,28013680.0,14294000.0,14294000.0,14294000.0
2010-10-26,28018054.0,14294000.0,14294000.0,14294000.0
2010-10-27,28008181.0,14294000.0,14294000.0,14294000.0
2010-10-28,28003129.0,14294000.0,14294000.0,14294000.0
2010-10-29,28014334.0,14294000.0,14294000.0,14294000.0
2010-11-01,28058582.0,14294000.0,14294000.0,14294000.0
2010-11-02,28069452.0,14294000.0,14294000.0,14294000.0
2010-11-03,28064174.0,14294000.0,14294000.0,14294000.0
2010-11-04,28068926.0,14294000.0,14294000.0,14294000.0
2010-11-05,28068801.0,14294000.0,14294000.0,14294000.0
2010-11-08,28070591.0,14294000.0,14294000.0,14294000.0
2010-11-09,28072558.0,14294000.0,14294000.0,14294000.0
2010-11-10,28064942.0,14294000.0,14294000.0,14294000.0
2010-11-12,28067381.0,14294000.0,14294000.0,14294000.0
2010-11-15,28134369.0,14294000.0,14294000.0,14294000.0
2010-11-16,28140473.0,14294000.0,14294000.0,14294000.0
2010-11-17,28134603.0,14294000.0,14294000.0,14294000.0
2010-11-18,28133872.0,14294000.0,14294000.0,14294000.0
2010-11-19,28135101.0,14294000.0,14294000.0,14294000.0
2010-11-22,28140002.0,14294000.0,14294000.0,14294000.0
2010-11-23,28142345.0,14294000.0,14294000.0,14294000.0
2010-11-24,28133614.0,14294000.0,14294000.0,14294000.0
2010-11-26,28139585.0,14294000.0,14294000.0,14294000.0
2010-11-29,28135598.0,14294000.0,14294000.0,14294000.0
2010-11-30,28206447.0,14294000.0,14294000.0,14294000.0
2010-12-01,28180576.0,14294000.0,14294000.0,14294000.0
2010-12-02,28186661.0,14294000.0,14294000.0,14294000.0
2010-12-03,28179192.0,14294000.0,14294000.0,14294000.0
2010-12-06,28180459.0,14294000.0,14294000.0,14294000.0
2010-12-07,28184109.0,14294000.0,14294000.0,14294000.0
2010-12-08,28193488.0,14294000.0,14294000.0,14294000.0
2010-12-09,28192127.0,14294000.0,14294000.0,14294000.0
2010-12-10,28192305.0,14294000.0,14294000.0,14294000.0
2010-12-13,28193588.0,14294000.0,14294000.0,14294000.0
2010-12-14,28198144.0,14294000.0,14294000.0,14294000.0
2010-12-15,28225325.0,14294000.0,14294000.0,14294000.0
2010-12-16,28224471.0,14294000.0,14294000.0,14294000.0
2010-12-17,28229019.0,14294000.0,14294000.0,14294000.0
2010-12-20,28214035.0,14294000.0,14294000.0,14294000.0
2010-12-21,28213035.0,14294000.0,14294000.0,14294000.0
2010-12-22,28204076.0,14294000.0,14294000.0,14294000.0
2010-12-23,28210746.0,14294000.0,14294000.0,14294000.0
2010-12-24,28211700.0,14294000.0,14294000.0,14294000.0
2010-12-27,28219510.0,14294000.0,14294000.0,14294000.0
2010-12-28,28222725.0,14294000.0,14294000.0,14294000.0
2010-12-29,28216430.0,14294000.0,14294000.0,14294000.0
2010-12-30,28216647.0,14294000.0,14294000.0,14294000.0
2010-12-31,28371938.0,14294000.0,14294000.0,14294000.0
2011-01-03,28344614.0,14294000.0,14294000.0,14294000.0
2011-01-04,28360715.0,14294000.0,14294000.0,14294000.0
2011-01-05,28358178.0,14294000.0,14294000.0,14294000.0
2011-01-06,28358475.0,14294000.0,14294000.0,14294000.0
2011-01-07,28356089.0,14294000.0,14294000.0,14294000.0
2011-01-10,28360966.0,14294000.0,14294000.0,14294000.0
2011-01-11,28366165.0,14294000.0,14294000.0,14294000.0
2011-01-12,28356980.0,14294000.0,14294000.0,14294000.0
2011-01-13,28353900.0,14294000.0,14294000.0,14294000.0
2011-01-14,28354611.0,14294000.0,14294000.0,14294000.0
2011-01-18,28398989.0,14294000.0,14294000.0,14294000.0
2011-01-19,28400105.0,14294000.0,14294000.0,14294000.0
2011-01-20,28402938.0,14294000.0,14294000.0,14294000.0
2011-01-21,28406747.0,14294000.0,14294000.0,14294000.0
2011-01-24,28408804.0,14294000.0,14294000.0,14294000.0
2011-01-25,28414021.0,14294000.0,14294000.0,14294000.0
2011-01-26,28406545.0,14294000.0,14294000.0,14294000.0
2011-01-27,28405974.0,14294000.0,14294000.0,14294000.0
2011-01-28,28403062.0,14294000.0,14294000.0,14294000.0
2011-01-31,28477628.0,14294000.0,14294000.0,14294000.0
2011-02-01,28456405.0,14294000.0,14294000.0,14294000.0
2011-02-02,28463058.0,14294000.0,14294000.0,14294000.0
2011-02-03,28447001.0,14294000.0,14294000.0,14294000.0
2011-02-04,28446382.0,14294000.0,14294000.0,14294000.0
2011-02-07,28450535.0,14294000.0,14294000.0,14294000.0
2011-02-08,28456918.0,14294000.0,14294000.0,14294000.0
2011-02-09,28445272.0,14294000.0,14294000.0,14294000.0
2011-02-10,28429924.0,14294000.0,14294000.0,14294000.0
2011-02-11,28429275.0,14294000.0,14294000.0,14294000.0
2011-02-14,28428078.0,14294000.0,14294000.0,14294000.0
2011-02-15,28484588.0,14294000.0,14294000.0,14294000.0
2011-02-16,28476376.0,14294000.0,14294000.0,14294000.0
2011-02-17,28470099.0,14294000.0,14294000.0,14294000.0
2011-02-18,28471327.0,14294000.0,14294000.0,14294000.0
2011-02-22,28474991.0,14294000.0,14294000.0,14294000.0
2011-02-23,28471881.0,14294000.0,14294000.0,14294000.0
2011-02-24,28466249.0,14294000.0,14294000.0,14294000.0
2011-02-25,28483971.0,14294000.0,14294000.0,14294000.0
2011-02-28,28541224.0,14294000.0,14294000.0,14294000.0
2011-03-01,28519403.0,14294000.0,14294000.0,14294000.0
2011-03-02,28524955.0,14294000.0,14294000.0,14294000.0
2011-03-03,28528548.0,14294000.0,14294000.0,14294000.0
2011-03-04,28529073.0,14294000.0,14294000.0,14294000.0
2011-03-07,28532570.0,14294000.0,14294000.0,14294000.0
2011-03-08,28539562.0,14294000.0,14294000.0,14294000.0
2011-03-09,28529034.0,14294000.0,14294000.0,14294000.0
2011-03-10,28509884.0,14294000.0,14294000.0,14294000.0
2011-03-11,28510796.0,14294000.0,14294000.0,14294000.0
2011-03-14,28512423.0,14294000.0,14294000.0,14294000.0
2011-03-15,28584330.0,14294000.0,14294000.0,14294000.0
2011-03-16,28579212.0,14294000.0,14294000.0,14294000.0
2011-03-17,28570107.0,14294000.0,14294000.0,14294000.0
2011-03-18,28571225.0,14294000.0,14294000.0,14294000.0
2011-03-21,28574512.0,14294000.0,14294000.0,14294000.0
2011-03-22,28579864.0,14294000.0,14294000.0,14294000.0
2011-03-23,28571288.0,14294000.0,14294000.0,14294000.0
2011-03-24,28556381.0,14294000.0,14294000.0,14294000.0
2011-03-25,28557828.0,14294000.0,14294000.0,14294000.0
2011-03-28,28557820.0,14294000.0,14294000.0,14294000.0
2011-03-29,28561981.0,14294000.0,14294000.0,14294000.0
2011-03-30,28556363.0,14294000.0,14294000.0,14294000.0
2011-03-31,28616393.0,14294000.0,14294000.0,14294000.0
2011-04-01,28597438.0,14294000.0,14294000.0,14294000.0
2011-04-04,28590154.0,14294000.0,14294000.0,14294000.0
2011-04-05,28608352.0,14294000.0,14294000.0,14294000.0
2011-04-06,28605956.0,14294000.0,14294000.0,14294000.0
2011-04-07,28610519.0,14294000.0,14294000.0,14294000.0
2011-04-08,28611642.0,14294000.0,14294000.0,14294000.0
2011-04-11,28613977.0,14294000.0,14294000.0,14294000.0
2011-04-12,28619197.0,14294000.0,14294000.0,14294000.0
2011-04-13,28610338.0,14294000.0,14294000.0,14294000.0
2011-04-14,28616989.0,14294000.0,14294000.0,14294000.0
2011-04-15,28651521.0,14294000.0,14294000.0,14294000.0
2011-04-18,28655302.0,14294000.0,14294000.0,14294000.0
2011-04-19,28666598.0,14294000.0,14294000.0,14294000.0
2011-04-20,28660913.0,14294000.0,14294000.0,14294000.0
2011-04-21,28636911.0,14294000.0,14294000.0,14294000.0
2011-04-22,28639351.0,14294000.0,14294000.0,14294000.0
2011-04-25,28644999.0,14294000.0,14294000.0,14294000.0
2011-04-26,28650466.0,14294000.0,14294000.0,14294000.0
2011-04-27,28641169.0,14294000.0,14294000.0,14294000.0
2011-04-28,28628648.0,14294000.0,14294000.0,14294000.0
2011-04-29,28633347.0,14294000.0,14294000.0,14294000.0
2011-05-02,28666340.0,14294000.0,14294000.0,14294000.0
2011-05-03,28677471.0,14294000.0,14294000.0,14294000.0
2011-05-04,28679477.0,14294000.0,14294000.0,14294000.0
2011-05-05,28667384.0,14294000.0,14294000.0,14294000.0
2011-05-06,28668391.0,14294000.0,14294000.0,14294000.0
2011-05-09,28671450.0,14294000.0,14294000.0,14294000.0
2011-05-10,28677175.0,14294000.0,14294000.0,14294000.0
2011-05-11,28667698.0,14294000.0,14294000.0,14294000.0
2011-05-12,28653438.0,14294000.0,14294000.0,14294000.0
2011-05-13,28654012.0,14294000.0,14294000.0,14294000.0
2011-05-16,28691125.0,14294000.0,14294000.0,14294000.0
2011-05-17,28691100.0,14294000.0,14294000.0,14294000.0
2011-05-18,28691075.0,14294000.0,14294000.0,14294000.0
2011-05-19,28691072.0,14294000.0,14294000.0,14294000.0
2011-05-20,28691047.0,14294000.0,14294000.0,14294000.0
2011-05-23,28690973.0,14294000.0,14294000.0,14294000.0
2011-05-24,28690948.0,14294000.0,14294000.0,14294000.0
2011-05-25,28690922.0,14294000.0,14294000.0,14294000.0
2011-05-26,28690932.0,14294000.0,14294000.0,14294000.0
2011-05-27,28690906.0,14294000.0,14294000.0,14294000.0
2011-05-31,28689386.0,14294000.0,14294000.0,14294000.0
2011-06-01,28689362.0,14294000.0,14294000.0,14294000.0
2011-06-02,28689464.0,14294000.0,14294000.0,14294000.0
2011-06-03,28689439.0,14294000.0,14294000.0,14294000.0
2011-06-06,28689366.0,14294000.0,14294000.0,14294000.0
2011-06-07,28689342.0,14294000.0,14294000.0,14294000.0
2011-06-08,28689318.0,14294000.0,14294000.0,14294000.0
2011-06-09,28689326.0,14294000.0,14294000.0,14294000.0
2011-06-10,28689302.0,14294000.0,14294000.0,14294000.0
2011-06-13,28689232.0,14294000.0,14294000.0,14294000.0
2011-06-14,28689207.0,14294000.0,14294000.0,14294000.0
2011-06-15,28689184.0,14294000.0,14294000.0,14294000.0
2011-06-16,28689193.0,14294000.0,14294000.0,14294000.0
2011-06-17,28689170.0,14294000.0,14294000.0,14294000.0
2011-06-20,28689098.0,14294000.0,14294000.0,14294000.0
2011-06-21,28689075.0,14294000.0,14294000.0,14294000.0
2011-06-22,28689052.0,14294000.0,14294000.0,14294000.0
2011-06-23,28689057.0,14294000.0,14294000.0,14294000.0
2011-06-24,28689034.0,14294000.0,14294000.0,14294000.0
2011-06-27,28688964.0,14294000.0,14294000.0,14294000.0
2011-06-28,28688941.0,14294000.0,14294000.0,14294000.0
2011-06-29,28688918.0,14294000.0,14294000.0,14294000.0
2011-06-30,28686224.0,14294000.0,14294000.0,14294000.0
2011-07-01,28686202.0,14294000.0,14294000.0,14294000.0
2011-07-05,28686112.0,14294000.0,14294000.0,14294000.0
2011-07-06,28686088.0,14294000.0,14294000.0,14294000.0
2011-07-07,28686087.0,14294000.0,14294000.0,14294000.0
2011-07-08,28686066.0,14294000.0,14294000.0,14294000.0
2011-07-11,28685999.0,14294000.0,14294000.0,14294000.0
2011-07-12,28685976.0,14294000.0,14294000.0,14294000.0
2011-07-13,28685953.0,14294000.0,14294000.0,14294000.0
2011-07-14,28685952.0,14294000.0,14294000.0,14294000.0
2011-07-15,28685929.0,14294000.0,14294000.0,14294000.0
2011-07-18,28685863.0,14294000.0,14294000.0,14294000.0
2011-07-19,28685841.0,14294000.0,14294000.0,14294000.0
2011-07-20,28685820.0,14294000.0,14294000.0,14294000.0
2011-07-21,28685814.0,14294000.0,14294000.0,14294000.0
2011-07-22,28685793.0,14294000.0,14294000.0,14294000.0
2011-07-25,28685727.0,14294000.0,14294000.0,14294000.0
2011-07-26,28685705.0,14294000.0,14294000.0,14294000.0
2011-07-27,28685683.0,14294000.0,14294000.0,14294000.0
2011-07-28,28685776.0,14294000.0,14294000.0,14294000.0
2011-07-29,28684784.0,14294000.0,14294000.0,14294000.0
2011-08-01,28684761.0,14294000.0,14294000.0,14294000.0
2011-08-02,29323097.0,14294000.0,14294000.0,14294000.0
2011-08-03,29316989.0,14694000.0,14294000.0,14294000.0
2011-08-04,29307368.0,14694000.0,14294000.0,14294000.0
2011-08-05,29326890.0,14694000.0,14294000.0,14294000.0
2011-08-08,29330082.0,14694000.0,14294000.0,14294000.0
2011-08-09,29334335.0,14694000.0,14294000.0,14294000.0
2011-08-10,29324290.0,14694000.0,14294000.0,14294000.0
2011-08-11,29330247.0,14694000.0,14294000.0,14294000.0
2011-08-12,29329517.0,14694000.0,14294000.0,14294000.0
2011-08-15,29357859.0,14694000.0,14294000.0,14294000.0
2011-08-16,29334523.0,14694000.0,14294000.0,14294000.0
2011-08-17,29355463.0,14694000.0,14294000.0,14294000.0
2011-08-18,29362470.0,14694000.0,14294000.0,14294000.0
2011-08-19,29381502.0,14694000.0,14294000.0,14294000.0
2011-08-22,29354666.0,14694000.0,14294000.0,14294000.0
2011-08-23,29391509.0,14694000.0,14294000.0,14294000.0
2011-08-24,29381316.0,14694000.0,14294000.0,14294000.0
2011-08-25,29395778.0,14694000.0,14294000.0,14294000.0
2011-08-26,29396048.0,14694000.0,14294000.0,14294000.0
2011-08-29,29366980.0,14694000.0,14294000.0,14294000.0
2011-08-30,29364823.0,14694000.0,14294000.0,14294000.0
2011-08-31,29423685.0,14694000.0,14294000.0,14294000.0
2011-09-01,29436804.0,14694000.0,14694000.0,14294000.0
2011-09-02,29434241.0,14694000.0,14694000.0,14294000.0
2011-09-06,29437964.0,14694000.0,14694000.0,14294000.0
2011-09-07,29457084.0,14694000.0,14694000.0,14294000.0
2011-09-08,29424879.0,14694000.0,14694000.0,14294000.0
2011-09-09,29451057.0,14694000.0,14694000.0,14294000.0
2011-09-12,29427547.0,14694000.0,14694000.0,14294000.0
2011-09-13,29457146.0,14694000.0,14694000.0,14294000.0
2011-09-14,29423179.0,14694000.0,14694000.0,14294000.0
2011-09-15,29436228.0,14694000.0,14694000.0,14294000.0
2011-09-16,29438277.0,14694000.0,14694000.0,14294000.0
2011-09-19,29468714.0,14694000.0,14694000.0,14294000.0
2011-09-20,29451082.0,14694000.0,14694000.0,14294000.0
2011-09-21,29444393.0,14694000.0,14694000.0,14294000.0
2011-09-22,29966012.0,15194000.0,14694000.0,14294000.0
2011-09-23,29939252.0,15194000.0,14694000.0,14294000.0
2011-09-26,29943189.0,15194000.0,14694000.0,14294000.0
2011-09-27,29946580.0,15194000.0,14694000.0,14294000.0
2011-09-28,29941046.0,15194000.0,14694000.0,14294000.0
2011-09-29,29934262.0,15194000.0,14694000.0,14294000.0
2011-09-30,30028147.0,15194000.0,14694000.0,14294000.0
2011-10-03,30074877.0,15194000.0,15194000.0,15194000.0
2011-10-04,30094627.0,15194000.0,15194000.0,15194000.0
2011-10-05,30095810.0,15194000.0,15194000.0,15194000.0
2011-10-06,30074535.0,15194000.0,15194000.0,15194000.0
2011-10-07,30098064.0,15194000.0,15194000.0,15194000.0
2011-10-11,30101022.0,15194000.0,15194000.0,15194000.0
2011-10-12,30105920.0,15194000.0,15194000.0,15194000.0
2011-10-13,30111582.0,15194000.0,15194000.0,15194000.0
2011-10-14,30111732.0,15194000.0,15194000.0,15194000.0
2011-10-17,30174252.0,15194000.0,15194000.0,15194000.0
2011-10-18,30180401.0,15194000.0,15194000.0,15194000.0
2011-10-19,30168937.0,15194000.0,15194000.0,15194000.0
2011-10-20,30178039.0,15194000.0,15194000.0,15194000.0
2011-10-21,30176895.0,15194000.0,15194000.0,15194000.0
2011-10-24,30178307.0,15194000.0,15194000.0,15194000.0
2011-10-25,30181238.0,15194000.0,15194000.0,15194000.0
2011-10-26,30174624.0,15194000.0,15194000.0,15194000.0
2011-10-27,30177192.0,15194000.0,15194000.0,15194000.0
2011-10-28,30175465.0,15194000.0,15194000.0,15194000.0
2011-10-31,30232533.0,15194000.0,15194000.0,15194000.0
2011-11-01,30210646.0,15194000.0,15194000.0,15194000.0
2011-11-02,30216771.0,15194000.0,15194000.0,15194000.0
2011-11-03,30212039.0,15194000.0,15194000.0,15194000.0
2011-11-04,30211470.0,15194000.0,15194000.0,15194000.0
2011-11-07,30215295.0,15194000.0,15194000.0,15194000.0
2011-11-08,30221224.0,15194000.0,15194000.0,15194000.0
2011-11-09,30212078.0,15194000.0,15194000.0,15194000.0
2011-11-10,30218384.0,15194000.0,15194000.0,15194000.0
2011-11-14,30216635.0,15194000.0,15194000.0,15194000.0
2011-11-15,30272351.0,15194000.0,15194000.0,15194000.0
2011-11-16,30265732.0,15194000.0,15194000.0,15194000.0
2011-11-17,30278113.0,15194000.0,15194000.0,15194000.0
2011-11-18,30278965.0,15194000.0,15194000.0,15194000.0
2011-11-21,30281027.0,15194000.0,15194000.0,15194000.0
2011-11-22,30286724.0,15194000.0,15194000.0,15194000.0
2011-11-23,30274608.0,15194000.0,15194000.0,15194000.0
2011-11-25,30287600.0,15194000.0,15194000.0,15194000.0
2011-11-28,30290379.0,15194000.0,15194000.0,15194000.0
2011-11-29,30292863.0,15194000.0,15194000.0,15194000.0
2011-11-30,30347502.0,15194000.0,15194000.0,15194000.0
2011-12-01,30325451.0,15194000.0,15194000.0,15194000.0
2011-12-02,30310383.0,15194000.0,15194000.0,15194000.0
2011-12-05,30305119.0,15194000.0,15194000.0,15194000.0
2011-12-06,30308604.0,15194000.0,15194000.0,15194000.0
2011-12-07,30283371.0,15194000.0,15194000.0,15194000.0
2011-12-08,30288135.0,15194000.0,15194000.0,15194000.0
2011-12-09,30289412.0,15194000.0,15194000.0,15194000.0
2011-12-12,30290968.0,15194000.0,15194000.0,15194000.0
2011-12-13,30297218.0,15194000.0,15194000.0,15194000.0
2011-12-14,30288224.0,15194000.0,15194000.0,15194000.0
2011-12-15,30335065.0,15194000.0,15194000.0,15194000.0
2011-12-16,30336458.0,15194000.0,15194000.0,15194000.0
2011-12-19,30340997.0,15194000.0,15194000.0,15194000.0
2011-12-20,30368915.0,15194000.0,15194000.0,15194000.0
2011-12-21,30360771.0,15194000.0,15194000.0,15194000.0
2011-12-22,30360658.0,15194000.0,15194000.0,15194000.0
2011-12-23,30365497.0,15194000.0,15194000.0,15194000.0
2011-12-27,30367482.0,15194000.0,15194000.0,15194000.0
2011-12-28,30362098.0,15194000.0,15194000.0,15194000.0
2011-12-29,30362795.0,15194000.0,15194000.0,15194000.0
2011-12-30,30459563.0,15194000.0,15194000.0,15194000.0
2012-01-03,30462813.0,15194000.0,15194000.0,15194000.0
2012-01-04,30473130.0,15194000.0,15194000.0,15194000.0
2012-01-05,30473129.0,15194000.0,15194000.0,15194000.0
2012-01-06,30473111.0,15194000.0,15194000.0,15194000.0
2012-01-09,30473057.0,15194000.0,15194000.0,15194000.0
2012-01-10,30473039.0,15194000.0,15194000.0,15194000.0
2012-01-11,30472659.0,15194000.0,15194000.0,15194000.0
2012-01-12,30472709.0,15194000.0,15194000.0,15194000.0
2012-01-13,30472691.0,15194000.0,15194000.0,15194000.0
2012-01-17,30472621.0,15194000.0,15194000.0,15194000.0
2012-01-18,30472603.0,15194000.0,15194000.0,15194000.0
2012-01-19,30472606.0,15194000.0,15194000.0,15194000.0
2012-01-20,30472589.0,15194000.0,15194000.0,15194000.0
2012-01-23,30472535.0,15194000.0,15194000.0,15194000.0
2012-01-24,30472518.0,15194000.0,15194000.0,15194000.0
2012-01-25,30472501.0,15194000.0,15194000.0,15194000.0
2012-01-26,30472509.0,15194000.0,15194000.0,15194000.0
2012-01-27,30472491.0,15194000.0,15194000.0,15194000.0
2012-01-30,31731293.0,16394000.0,15194000.0,15194000.0
2012-01-31,31792602.0,16394000.0,15194000.0,15194000.0
2012-02-01,31767231.0,16394000.0,16394000.0,15194000.0
2012-02-02,31787866.0,16394000.0,16394000.0,15194000.0
2012-02-03,31771560.0,16394000.0,16394000.0,15194000.0
2012-02-06,31774306.0,16394000.0,16394000.0,15194000.0
2012-02-07,31779920.0,16394000.0,16394000.0,15194000.0
2012-02-08,31772072.0,16394000.0,16394000.0,15194000.0
2012-02-09,31792298.0,16394000.0,16394000.0,15194000.0
2012-02-10,31790562.0,16394000.0,16394000.0,15194000.0
2012-02-13,31791620.0,16394000.0,16394000.0,15194000.0
2012-02-14,31795797.0,16394000.0,16394000.0,15194000.0
2012-02-15,31828144.0,16394000.0,16394000.0,15194000.0
2012-02-16,31849462.0,16394000.0,16394000.0,15194000.0
2012-02-17,31853016.0,16394000.0,16394000.0,15194000.0
2012-02-21,31856186.0,16394000.0,16394000.0,15194000.0
2012-02-22,31852698.0,16394000.0,16394000.0,15194000.0
2012-02-23,31872089.0,16394000.0,16394000.0,15194000.0
2012-02-24,31874373.0,16394000.0,16394000.0,15194000.0
2012-02-27,31874875.0,16394000.0,16394000.0,15194000.0
2012-02-28,31878468.0,16394000.0,16394000.0,15194000.0
2012-02-29,31925541.0,16394000.0,16394000.0,15194000.0
2012-03-01,31937694.0,16394000.0,16394000.0,15194000.0
2012-03-02,31926542.0,16394000.0,16394000.0,15194000.0
2012-03-05,31928623.0,16394000.0,16394000.0,15194000.0
2012-03-06,31935654.0,16394000.0,16394000.0,15194000.0
2012-03-07,31934926.0,16394000.0,16394000.0,15194000.0
2012-03-08,31954479.0,16394000.0,16394000.0,15194000.0
2012-03-09,31953725.0,16394000.0,16394000.0,15194000.0
2012-03-12,31955785.0,16394000.0,16394000.0,15194000.0
2012-03-13,31960812.0,16394000.0,16394000.0,15194000.0
2012-03-14,31953074.0,16394000.0,16394000.0,15194000.0
2012-03-15,32001457.0,16394000.0,16394000.0,15194000.0
2012-03-16,32003208.0,16394000.0,16394000.0,15194000.0
2012-03-19,32010846.0,16394000.0,16394000.0,15194000.0
2012-03-20,32019981.0,16394000.0,16394000.0,15194000.0
2012-03-21,32011016.0,16394000.0,16394000.0,15194000.0
2012-03-22,32021518.0,16394000.0,16394000.0,15194000.0
2012-03-23,32022177.0,16394000.0,16394000.0,15194000.0
2012-03-26,32022645.0,16394000.0,16394000.0,15194000.0
2012-03-27,32025968.0,16394000.0,16394000.0,15194000.0
2012-03-28,32016762.0,16394000.0,16394000.0,15194000.0
2012-03-29,32016423.0,16394000.0,16394000.0,15194000.0
2012-03-30,32019493.0,16394000.0,16394000.0,15194000.0
2012-04-02,32057719.0,16394000.0,16394000.0,15194000.0
2012-04-03,32054229.0,16394000.0,16394000.0,15194000.0
2012-04-04,32055095.0,16394000.0,16394000.0,15194000.0
2012-04-05,32057178.0,16394000.0,16394000.0,15194000.0
2012-04-06,32056068.0,16394000.0,16394000.0,15194000.0
2012-04-09,32058842.0,16394000.0,16394000.0,15194000.0
2012-04-10,32064219.0,16394000.0,16394000.0,15194000.0
2012-04-11,32055463.0,16394000.0,16394000.0,15194000.0
2012-04-12,32052390.0,16394000.0,16394000.0,15194000.0
2012-04-13,32053111.0,16394000.0,16394000.0,15194000.0
2012-04-16,32091992.0,16394000.0,16394000.0,15194000.0
2012-04-17,32098916.0,16394000.0,16394000.0,15194000.0
2012-04-18,32098069.0,16394000.0,16394000.0,15194000.0
2012-04-19,32052939.0,16394000.0,16394000.0,15194000.0
2012-04-20,32054696.0,16394000.0,16394000.0,15194000.0
2012-04-23,32057480.0,16394000.0,16394000.0,15194000.0
2012-04-24,32065562.0,16394000.0,16394000.0,15194000.0
2012-04-25,32060571.0,16394000.0,16394000.0,15194000.0
2012-04-26,32061648.0,16394000.0,16394000.0,15194000.0
2012-04-27,32060988.0,16394000.0,16394000.0,15194000.0
2012-04-30,32128893.0,16394000.0,16394000.0,15194000.0
2012-05-01,32109744.0,16394000.0,16394000.0,15194000.0
2012-05-02,32117000.0,16394000.0,16394000.0,15194000.0
2012-05-03,32107774.0,16394000.0,16394000.0,15194000.0
2012-05-04,32108478.0,16394000.0,16394000.0,15194000.0
2012-05-07,32112320.0,16394000.0,16394000.0,15194000.0
2012-05-08,32122245.0,16394000.0,16394000.0,15194000.0
2012-05-09,32110554.0,16394000.0,16394000.0,15194000.0
2012-05-10,32111215.0,16394000.0,16394000.0,15194000.0
2012-05-11,32110698.0,16394000.0,16394000.0,15194000.0
2012-05-14,32113479.0,16394000.0,16394000.0,15194000.0
2012-05-15,32152587.0,16394000.0,16394000.0,15194000.0
2012-05-16,32145214.0,16394000.0,16394000.0,15194000.0
2012-05-17,32149302.0,16394000.0,16394000.0,15194000.0
2012-05-18,32148674.0,16394000.0,16394000.0,15194000.0
2012-05-21,32151896.0,16394000.0,16394000.0,15194000.0
2012-05-22,32157641.0,16394000.0,16394000.0,15194000.0
2012-05-23,32150710.0,16394000.0,16394000.0,15194000.0
2012-05-24,32148874.0,16394000.0,16394000.0,15194000.0
2012-05-25,32148018.0,16394000.0,16394000.0,15194000.0
2012-05-29,32150029.0,16394000.0,16394000.0,15194000.0
2012-05-30,32152988.0,16394000.0,16394000.0,15194000.0
2012-05-31,32205440.0,16394000.0,16394000.0,15194000.0
2012-06-01,32159651.0,16394000.0,16394000.0,15194000.0
2012-06-04,32162824.0,16394000.0,16394000.0,15194000.0
2012-06-05,32168109.0,16394000.0,16394000.0,15194000.0
2012-06-06,32169286.0,16394000.0,16394000.0,15194000.0
2012-06-07,32168075.0,16394000.0,16394000.0,15194000.0
2012-06-08,32170055.0,16394000.0,16394000.0,15194000.0
2012-06-11,32172568.0,16394000.0,16394000.0,15194000.0
2012-06-12,32179008.0,16394000.0,16394000.0,15194000.0
2012-06-13,32169819.0,16394000.0,16394000.0,15194000.0
2012-06-14,32171623.0,16394000.0,16394000.0,15194000.0
2012-06-15,32206818.0,16394000.0,16394000.0,15194000.0
2012-06-18,32210747.0,16394000.0,16394000.0,15194000.0
2012-06-19,32219274.0,16394000.0,16394000.0,15194000.0
2012-06-20,32212539.0,16394000.0,16394000.0,15194000.0
2012-06-21,32214246.0,16394000.0,16394000.0,15194000.0
2012-06-22,32213030.0,16394000.0,16394000.0,15194000.0
2012-06-25,32217129.0,16394000.0,16394000.0,15194000.0
2012-06-26,32223653.0,16394000.0,16394000.0,15194000.0
2012-06-27,32213487.0,16394000.0,16394000.0,15194000.0
2012-06-28,32215605.0,16394000.0,16394000.0,15194000.0
2012-06-29,32290868.0,16394000.0,16394000.0,15194000.0
2012-07-02,32321882.0,16394000.0,16394000.0,15194000.0
2012-07-03,32314114.0,16394000.0,16394000.0,15194000.0
2012-07-05,32309788.0,16394000.0,16394000.0,15194000.0
2012-07-06,32312653.0,16394000.0,16394000.0,15194000.0
2012-07-09,32312359.0,16394000.0,16394000.0,15194000.0
2012-07-10,32318934.0,16394000.0,16394000.0,15194000.0
2012-07-11,32309525.0,16394000.0,16394000.0,15194000.0
2012-07-12,32304596.0,16394000.0,16394000.0,15194000.0
2012-07-13,32304240.0,16394000.0,16394000.0,15194000.0
2012-07-16,32308773.0,16394000.0,16394000.0,15194000.0
2012-07-17,32317183.0,16394000.0,16394000.0,15194000.0
2012-07-18,32307062.0,16394000.0,16394000.0,15194000.0
2012-07-19,32307396.0,16394000.0,16394000.0,15194000.0
2012-07-20,32307897.0,16394000.0,16394000.0,15194000.0
2012-07-23,32310219.0,16394000.0,16394000.0,15194000.0
2012-07-24,32315464.0,16394000.0,16394000.0,15194000.0
2012-07-25,32307822.0,16394000.0,16394000.0,15194000.0
2012-07-26,32312579.0,16394000.0,16394000.0,15194000.0
2012-07-27,32311385.0,16394000.0,16394000.0,15194000.0
2012-07-30,32306743.0,16394000.0,16394000.0,15194000.0
2012-07-31,32365893.0,16394000.0,16394000.0,15194000.0
2012-08-01,32339785.0,16394000.0,16394000.0,15194000.0
2012-08-02,32353258.0,16394000.0,16394000.0,15194000.0
2012-08-03,32337284.0,16394000.0,16394000.0,15194000.0
2012-08-06,32341320.0,16394000.0,16394000.0,15194000.0
2012-08-07,32344671.0,16394000.0,16394000.0,15194000.0
2012-08-08,32336537.0,16394000.0,16394000.0,15194000.0
2012-08-09,32348429.0,16394000.0,16394000.0,15194000.0
2012-08-10,32347575.0,16394000.0,16394000.0,15194000.0
2012-08-13,32348115.0,16394000.0,16394000.0,15194000.0
2012-08-14,32352043.0,16394000.0,16394000.0,15194000.0
2012-08-15,32377414.0,16394000.0,16394000.0,15194000.0
2012-08-16,32390525.0,16394000.0,16394000.0,15194000.0
2012-08-17,32394608.0,16394000.0,16394000.0,15194000.0
2012-08-20,32397285.0,16394000.0,16394000.0,15194000.0
2012-08-21,32402641.0,16394000.0,16394000.0,15194000.0
2012-08-22,32392962.0,16394000.0,16394000.0,15194000.0
2012-08-23,32409083.0,16394000.0,16394000.0,15194000.0
2012-08-24,32407361.0,16394000.0,16394000.0,15194000.0
2012-08-27,32407739.0,16394000.0,16394000.0,15194000.0
2012-08-28,32411421.0,16394000.0,16394000.0,15194000.0
2012-08-29,32410676.0,16394000.0,16394000.0,15194000.0
2012-08-30,32423054.0,16394000.0,16394000.0,15194000.0
2012-08-31,32448829.0,16394000.0,16394000.0,15194000.0
2012-09-04,32441070.0,16394000.0,16394000.0,15194000.0
2012-09-05,32453685.0,16394000.0,16394000.0,15194000.0
2012-09-06,32478536.0,16394000.0,16394000.0,15194000.0
2012-09-07,32479685.0,16394000.0,16394000.0,15194000.0
2012-09-10,32480986.0,16394000.0,16394000.0,15194000.0
2012-09-11,32487909.0,16394000.0,16394000.0,15194000.0
2012-09-12,32479281.0,16394000.0,16394000.0,15194000.0
2012-09-13,32478639.0,16394000.0,16394000.0,15194000.0
2012-09-14,32478732.0,16394000.0,16394000.0,15194000.0
2012-09-17,32441850.0,16394000.0,16394000.0,15194000.0
2012-09-18,32453874.0,16394000.0,16394000.0,15194000.0
2012-09-19,32445859.0,16394000.0,16394000.0,15194000.0
2012-09-20,32447372.0,16394000.0,16394000.0,15194000.0
2012-09-21,32449038.0,16394000.0,16394000.0,15194000.0
2012-09-24,32450741.0,16394000.0,16394000.0,15194000.0
2012-09-25,32455630.0,16394000.0,16394000.0,15194000.0
2012-09-26,32448713.0,16394000.0,16394000.0,15194000.0
2012-09-27,32448025.0,16394000.0,16394000.0,15194000.0
2012-09-28,32499463.0,16394000.0,16394000.0,15194000.0
2012-10-01,32592695.0,16394000.0,16394000.0,16394000.0
2012-10-02,32604234.0,16394000.0,16394000.0,16394000.0
2012-10-03,32586503.0,16394000.0,16394000.0,16394000.0
2012-10-04,32595080.0,16394000.0,16394000.0,16394000.0
2012-10-05,32595056.0,16394000.0,16394000.0,16394000.0
2012-10-09,32601073.0,16394000.0,16394000.0,16394000.0
2012-10-10,32590883.0,16394000.0,16394000.0,16394000.0
2012-10-11,32591420.0,16394000.0,16394000.0,16394000.0
2012-10-12,32590680.0,16394000.0,16394000.0,16394000.0
2012-10-15,32624081.0,16394000.0,16394000.0,16394000.0
2012-10-16,32632665.0,16394000.0,16394000.0,16394000.0
2012-10-17,32626177.0,16394000.0,16394000.0,16394000.0
2012-10-18,32631319.0,16394000.0,16394000.0,16394000.0
2012-10-19,32629185.0,16394000.0,16394000.0,16394000.0
2012-10-22,32631774.0,16394000.0,16394000.0,16394000.0
2012-10-23,32636928.0,16394000.0,16394000.0,16394000.0
2012-10-24,32627863.0,16394000.0,16394000.0,16394000.0
2012-10-25,32630174.0,16394000.0,16394000.0,16394000.0
2012-10-26,32630896.0,16394000.0,16394000.0,16394000.0
2012-10-29,32632037.0,16394000.0,16394000.0,16394000.0
2012-10-30,32637093.0,16394000.0,16394000.0,16394000.0
2012-10-31,32694706.0,16394000.0,16394000.0,16394000.0
2012-11-01,32654945.0,16394000.0,16394000.0,16394000.0
2012-11-02,32639376.0,16394000.0,16394000.0,16394000.0
2012-11-05,32643169.0,16394000.0,16394000.0,16394000.0
2012-11-06,32647556.0,16394000.0,16394000.0,16394000.0
2012-11-07,32647167.0,16394000.0,16394000.0,16394000.0
2012-11-08,32678527.0,16394000.0,16394000.0,16394000.0
2012-11-09,32677906.0,16394000.0,16394000.0,16394000.0
2012-11-13,32681440.0,16394000.0,16394000.0,16394000.0
2012-11-14,32677519.0,16394000.0,16394000.0,16394000.0
2012-11-15,32712140.0,16394000.0,16394000.0,16394000.0
2012-11-16,32714525.0,16394000.0,16394000.0,16394000.0
2012-11-19,32719267.0,16394000.0,16394000.0,16394000.0
2012-11-20,32725834.0,16394000.0,16394000.0,16394000.0
2012-11-21,32716293.0,16394000.0,16394000.0,16394000.0
2012-11-23,32740628.0,16394000.0,16394000.0,16394000.0
2012-11-26,32742838.0,16394000.0,16394000.0,16394000.0
2012-11-27,32750769.0,16394000.0,16394000.0,16394000.0
2012-11-28,32739789.0,16394000.0,16394000.0,16394000.0
2012-11-29,32756180.0,16394000.0,16394000.0,16394000.0
2012-11-30,32802203.0,16394000.0,16394000.0,16394000.0
2012-12-03,32770709.0,16394000.0,16394000.0,16394000.0
2012-12-04,32779659.0,16394000.0,16394000.0,16394000.0
2012-12-05,32770518.0,16394000.0,16394000.0,16394000.0
2012-12-06,32799044.0,16394000.0,16394000.0,16394000.0
2012-12-07,32797964.0,16394000.0,16394000.0,16394000.0
2012-12-10,32802611.0,16394000.0,16394000.0,16394000.0
2012-12-11,32808417.0,16394000.0,16394000.0,16394000.0
2012-12-12,32798952.0,16394000.0,16394000.0,16394000.0
2012-12-13,32802569.0,16394000.0,16394000.0,16394000.0
2012-12-14,32792149.0,16394000.0,16394000.0,16394000.0
2012-12-17,32783728.0,16394000.0,16394000.0,16394000.0
2012-12-18,32792279.0,16394000.0,16394000.0,16394000.0
2012-12-19,32784551.0,16394000.0,16394000.0,16394000.0
2012-12-20,32766729.0,16394000.0,16394000.0,16394000.0
2012-12-21,32768718.0,16394000.0,16394000.0,16394000.0
2012-12-24,32770020.0,16394000.0,16394000.0,16394000.0
2012-12-26,32770299.0,16394000.0,16394000.0,16394000.0
2012-12-27,32770696.0,16394000.0,16394000.0,16394000.0
2012-12-28,32768901.0,16394000.0,16394000.0,16394000.0
2012-12-31,32865487.0,16394000.0,16394000.0,16394000.0
2013-01-02,32865438.0,16394000.0,16394000.0,16394000.0
2013-01-03,32863965.0,16394000.0,16394000.0,16394000.0
2013-01-04,32865440.0,16394000.0,16394000.0,16394000.0
2013-01-07,32865368.0,16394000.0,16394000.0,16394000.0
2013-01-08,32865344.0,16394000.0,16394000.0,16394000.0
2013-01-09,32865320.0,16394000.0,16394000.0,16394000.0
2013-01-10,32865410.0,16394000.0,16394000.0,16394000.0
2013-01-11,32865386.0,16394000.0,16394000.0,16394000.0
2013-01-14,32865314.0,16394000.0,16394000.0,16394000.0
2013-01-15,32865290.0,16394000.0,16394000.0,16394000.0
2013-01-16,32865266.0,16394000.0,16394000.0,16394000.0
2013-01-17,32865289.0,16394000.0,16394000.0,16394000.0
2013-01-18,32865264.0,16394000.0,16394000.0,16394000.0
2013-01-22,32865169.0,16394000.0,16394000.0,16394000.0
2013-01-23,32865144.0,16394000.0,16394000.0,16394000.0
2013-01-24,32865162.0,16394000.0,16394000.0,16394000.0
2013-01-25,32865138.0,16394000.0,16394000.0,16394000.0
2013-01-28,32865066.0,16394000.0,16394000.0,16394000.0
2013-01-29,32865042.0,16394000.0,16394000.0,16394000.0
2013-01-30,32865018.0,16394000.0,16394000.0,16394000.0
2013-01-31,32867610.0,16394000.0,16394000.0,16394000.0
2013-02-01,32867586.0,16394000.0,16394000.0,16394000.0
2013-02-04,16514818.0,11598373.0,11560176.0,11269586.0
2013-02-05,16520668.0,11626337.0,11560176.0,11269586.0
2013-02-06,16519701.0,11625727.0,11560176.0,11269586.0
2013-02-07,16527359.0,11625347.0,11560176.0,11269586.0
2013-02-08,16528692.0,11629141.0,11560176.0,11269586.0
2013-02-11,16529678.0,11629086.0,11560176.0,11269586.0
2013-02-12,16534102.0,11628592.0,11560176.0,11269586.0
2013-02-13,16564035.0,11628648.0,11560176.0,11269586.0
2013-02-14,16580547.0,11668602.0,11560176.0,11269586.0
2013-02-15,16588662.0,11684037.0,11560176.0,11269586.0
2013-02-19,16592506.0,11690221.0,11560176.0,11269586.0
2013-02-20,16628434.0,11690987.0,11560176.0,11269586.0
2013-02-21,16648023.0,11726901.0,11560176.0,11269586.0
2013-02-22,16648733.0,11745347.0,11560176.0,11269586.0
2013-02-25,16650213.0,11745715.0,11560176.0,11269586.0
2013-02-26,16658345.0,11745861.0,11560176.0,11269586.0
2013-02-27,16646848.0,11746655.0,11560176.0,11269586.0
2013-02-28,16726672.0,11747360.0,11560176.0,11269586.0
2013-03-01,16679507.0,11822436.0,11822436.0,11269586.0
2013-03-04,16689038.0,11820054.0,11822436.0,11269586.0
2013-03-05,16703030.0,11820507.0,11822436.0,11269586.0
2013-03-06,16731551.0,11821124.0,11822436.0,11269586.0
2013-03-07,16740619.0,11851126.0,11822436.0,11269586.0
2013-03-08,16741203.0,11855868.0,11822436.0,11269586.0
2013-03-11,16743261.0,11855688.0,11822436.0,11269586.0
2013-03-12,16749282.0,11855880.0,11822436.0,11269586.0
2013-03-13,16739928.0,11856074.0,11822436.0,11269586.0
2013-03-14,16747535.0,11856554.0,11822436.0,11269586.0
2013-03-15,16770990.0,11862580.0,11822436.0,11269586.0
2013-03-18,16775454.0,11886789.0,11822436.0,11269586.0
2013-03-19,16788522.0,11886986.0,11822436.0,11269586.0
2013-03-20,16779174.0,11888479.0,11822436.0,11269586.0
2013-03-21,16789379.0,11889312.0,11822436.0,11269586.0
2013-03-22,16789161.0,11895330.0,11822436.0,11269586.0
2013-03-25,16792641.0,11895446.0,11822436.0,11269586.0
2013-03-26,16798250.0,11895649.0,11822436.0,11269586.0
2013-03-27,16788655.0,11895989.0,11822436.0,11269586.0
2013-03-28,16806175.0,11897486.0,11822436.0,11269586.0
2013-03-29,16810489.0,11917130.0,11822436.0,11269586.0
2013-04-01,16831218.0,11916888.0,11916888.0,11269586.0
2013-04-02,16843962.0,11956522.0,11916888.0,11269586.0
2013-04-03,16826042.0,11958660.0,11916888.0,11269586.0
2013-04-04,16837171.0,11959086.0,11916888.0,11269586.0
2013-04-05,16836937.0,11963992.0,11916888.0,11269586.0
2013-04-08,16841586.0,11964102.0,11916888.0,11269586.0
2013-04-09,16847332.0,11964701.0,11916888.0,11269586.0
2013-04-10,16838030.0,11965728.0,11916888.0,11269586.0
2013-04-11,16847122.0,11966413.0,11916888.0,11269586.0
2013-04-12,16847283.0,11973457.0,11916888.0,11269586.0
2013-04-15,16840314.0,11972610.0,11916888.0,11269586.0
2013-04-16,16851059.0,11949926.0,11916888.0,11269586.0
2013-04-17,16846252.0,11950742.0,11916888.0,11269586.0
2013-04-18,16818458.0,11951383.0,11916888.0,11269586.0
2013-04-19,16820944.0,11916935.0,11916888.0,11269586.0
2013-04-22,16826392.0,11917014.0,11916888.0,11269586.0
2013-04-23,16837881.0,11917551.0,11916888.0,11269586.0
2013-04-24,16833266.0,11919664.0,11916888.0,11269586.0
2013-04-25,16797029.0,11920312.0,11916888.0,11269586.0
2013-04-26,16795554.0,11882018.0,11916888.0,11269586.0
2013-04-29,16797045.0,11882358.0,11916888.0,11269586.0
2013-04-30,16866912.0,11883187.0,11916888.0,11269586.0
2013-05-01,16843092.0,11943148.0,11943148.0,11269586.0
2013-05-02,16833061.0,11941251.0,11943148.0,11269586.0
2013-05-03,16818970.0,11916811.0,11943148.0,11269586.0
2013-05-06,16826462.0,11916626.0,11943148.0,11269586.0
2013-05-07,16833576.0,11916774.0,11943148.0,11269586.0
2013-05-08,16822119.0,11917158.0,11943148.0,11269586.0
2013-05-09,16792747.0,11918172.0,11943148.0,11269586.0
2013-05-10,16791992.0,11887049.0,11943148.0,11269586.0
2013-05-13,16793754.0,11887058.0,11943148.0,11269586.0
2013-05-14,16798916.0,11887082.0,11943148.0,11269586.0
2013-05-15,16802984.0,11887608.0,11943148.0,11269586.0
2013-05-16,16772754.0,11901126.0,11943148.0,11269586.0
2013-05-17,16775261.0,11867089.0,11943148.0,11269586.0
2013-05-20,33474614.0,16699421.0,11943148.0,16394000.0
2013-05-21,33474592.0,16699421.0,11943148.0,16394000.0
2013-05-22,33471331.0,16699421.0,11943148.0,16394000.0
2013-05-23,33473879.0,16699421.0,11943148.0,16394000.0
2013-05-24,33472716.0,16699421.0,11943148.0,16394000.0
2013-05-28,33474465.0,16699421.0,11943148.0,16394000.0
2013-05-29,33474444.0,16699421.0,11943148.0,16394000.0
2013-05-30,33474519.0,16699421.0,11943148.0,16394000.0
2013-05-31,33477670.0,16699421.0,11943148.0,16394000.0
2013-06-03,33477604.0,16699421.0,16699421.0,16394000.0
2013-06-04,33477582.0,16699421.0,16699421.0,16394000.0
2013-06-05,33477561.0,16699421.0,16699421.0,16394000.0
2013-06-06,33477568.0,16699421.0,16699421.0,16394000.0
2013-06-07,33477546.0,16699421.0,16699421.0,16394000.0
2013-06-10,33477480.0,16699421.0,16699421.0,16394000.0
2013-06-11,33477458.0,16699421.0,16699421.0,16394000.0
2013-06-12,33477436.0,16699421.0,16699421.0,16394000.0
2013-06-13,33477442.0,16699421.0,16699421.0,16394000.0
2013-06-14,33477422.0,16699421.0,16699421.0,16394000.0
2013-06-17,33477356.0,16699421.0,16699421.0,16394000.0
2013-06-18,33477334.0,16699421.0,16699421.0,16394000.0
2013-06-19,33477312.0,16699421.0,16699421.0,16394000.0
2013-06-20,33477318.0,16699421.0,16699421.0,16394000.0
2013-06-21,33477296.0,16699421.0,16699421.0,16394000.0
2013-06-24,33477231.0,16699421.0,16699421.0,16394000.0
2013-06-25,33477209.0,16699421.0,16699421.0,16394000.0
2013-06-26,33477188.0,16699421.0,16699421.0,16394000.0
2013-06-27,33477284.0,16699421.0,16699421.0,16394000.0
2013-06-28,33476666.0,16699421.0,16699421.0,16394000.0
2013-07-01,33476644.0,16699421.0,16699421.0,16394000.0
2013-07-02,33476622.0,16699421.0,16699421.0,16394000.0
2013-07-03,33476601.0,16699421.0,16699421.0,16394000.0
2013-07-05,33476589.0,16699421.0,16699421.0,16394000.0
2013-07-08,33476524.0,16699421.0,16699421.0,16394000.0
2013-07-09,33476502.0,16699421.0,16699421.0,16394000.0
2013-07-10,33476481.0,16699421.0,16699421.0,16394000.0
2013-07-11,33476487.0,16699421.0,16699421.0,16394000.0
2013-07-12,33476467.0,16699421.0,16699421.0,16394000.0
2013-07-15,33476402.0,16699421.0,16699421.0,16394000.0
2013-07-16,33476380.0,16699421.0,16699421.0,16394000.0
2013-07-17,33476360.0,16699421.0,16699421.0,16394000.0
2013-07-18,33476364.0,16699421.0,16699421.0,16394000.0
2013-07-19,33476343.0,16699421.0,16699421.0,16394000.0
2013-07-22,33476278.0,16699421.0,16699421.0,16394000.0
2013-07-23,33476258.0,16699421.0,16699421.0,16394000.0
2013-07-24,33476237.0,16699421.0,16699421.0,16394000.0
2013-07-25,33476297.0,16699421.0,16699421.0,16394000.0
2013-07-26,33476277.0,16699421.0,16699421.0,16394000.0
2013-07-29,33476213.0,16699421.0,16699421.0,16394000.0
2013-07-30,33476194.0,16699421.0,16699421.0,16394000.0
2013-07-31,33477223.0,16699421.0,16699421.0,16394000.0
2013-08-01,33477225.0,16699421.0,16699421.0,16394000.0
2013-08-02,33477203.0,16699421.0,16699421.0,16394000.0
2013-08-05,33477141.0,16699421.0,16699421.0,16394000.0
2013-08-06,33477121.0,16699421.0,16699421.0,16394000.0
2013-08-07,33477100.0,16699421.0,16699421.0,16394000.0
2013-08-08,33477108.0,16699421.0,16699421.0,16394000.0
2013-08-09,33477085.0,16699421.0,16699421.0,16394000.0
2013-08-12,33477023.0,16699421.0,16699421.0,16394000.0
2013-08-13,33477003.0,16699421.0,16699421.0,16394000.0
2013-08-14,33476982.0,16699421.0,16699421.0,16394000.0
2013-08-15,33476994.0,16699421.0,16699421.0,16394000.0
2013-08-16,33476974.0,16699421.0,16699421.0,16394000.0
2013-08-19,33476911.0,16699421.0,16699421.0,16394000.0
2013-08-20,33476889.0,16699421.0,16699421.0,16394000.0
2013-08-21,33476869.0,16699421.0,16699421.0,16394000.0
2013-08-22,33476946.0,16699421.0,16699421.0,16394000.0
2013-08-23,33476926.0,16699421.0,16699421.0,16394000.0
2013-08-26,33476863.0,16699421.0,16699421.0,16394000.0
2013-08-27,33476843.0,16699421.0,16699421.0,16394000.0
2013-08-28,33476822.0,16699421.0,16699421.0,16394000.0
2013-08-29,33476827.0,16699421.0,16699421.0,16394000.0
2013-08-30,33477325.0,16699421.0,16699421.0,16394000.0
2013-09-03,33477263.0,16699421.0,16699421.0,16394000.0
2013-09-04,33477241.0,16699421.0,16699421.0,16394000.0
2013-09-05,33477241.0,16699421.0,16699421.0,16394000.0
2013-09-06,33477221.0,16699421.0,16699421.0,16394000.0
2013-09-09,33477159.0,16699421.0,16699421.0,16394000.0
2013-09-10,33477139.0,16699421.0,16699421.0,16394000.0
2013-09-11,33477119.0,16699421.0,16699421.0,16394000.0
2013-09-12,33477111.0,16699421.0,16699421.0,16394000.0
2013-09-13,33477091.0,16699421.0,16699421.0,16394000.0
2013-09-16,33477030.0,16699421.0,16699421.0,16394000.0
2013-09-17,33477010.0,16699421.0,16699421.0,16394000.0
2013-09-18,33476989.0,16699421.0,16699421.0,16394000.0
2013-09-19,33477033.0,16699421.0,16699421.0,16394000.0
2013-09-20,33477013.0,16699421.0,16699421.0,16394000.0
2013-09-23,33476954.0,16699421.0,16699421.0,16394000.0
2013-09-24,33476933.0,16699421.0,16699421.0,16394000.0
2013-09-25,33476915.0,16699421.0,16699421.0,16394000.0
2013-09-26,33476911.0,16699421.0,16699421.0,16394000.0
2013-09-27,33476891.0,16699421.0,16699421.0,16394000.0
2013-09-30,33476391.0,16699421.0,16699421.0,16394000.0
2013-10-01,33494982.0,16699421.0,16699421.0,16699421.0
2013-10-02,33494963.0,16699421.0,16699421.0,16699421.0
2013-10-03,33494961.0,16699421.0,16699421.0,16699421.0
2013-10-04,33494941.0,16699421.0,16699421.0,16699421.0
2013-10-07,33494884.0,16699421.0,16699421.0,16699421.0
2013-10-08,33494864.0,16699421.0,16699421.0,16699421.0
2013-10-09,33494845.0,16699421.0,16699421.0,16699421.0
2013-10-10,33494869.0,16699421.0,16699421.0,16699421.0
2013-10-11,33494848.0,16699421.0,16699421.0,16699421.0
2013-10-15,33494766.0,16699421.0,16699421.0,16699421.0
2013-10-16,33494746.0,16699421.0,16699421.0,16699421.0
2013-10-17,17123636.0,11929977.0,11976279.0,11976279.0
2013-10-18,17122296.0,12117283.0,11976279.0,11976279.0
2013-10-21,17123236.0,12115702.0,11976279.0,11976279.0
2013-10-22,17126764.0,12114947.0,11976279.0,11976279.0
2013-10-23,17115866.0,12114163.0,11976279.0,11976279.0
2013-10-24,17125718.0,12113768.0,11976279.0,11976279.0
2013-10-25,17124485.0,12122152.0,11976279.0,11976279.0
2013-10-28,17129456.0,12121994.0,11976279.0,11976279.0
2013-10-29,17138690.0,12121936.0,11976279.0,11976279.0
2013-10-30,17136190.0,12121884.0,11976279.0,11976279.0
2013-10-31,17203856.0,12121565.0,11976279.0,11976279.0
2013-11-01,17156328.0,12187370.0,12187370.0,11976279.0
2013-11-04,17164402.0,12183845.0,12187370.0,11976279.0
2013-11-05,17169448.0,12183621.0,12187370.0,11976279.0
2013-11-06,17169248.0,12183134.0,12187370.0,11976279.0
2013-11-07,17196839.0,12182929.0,12187370.0,11976279.0
2013-11-08,17199302.0,12206196.0,12187370.0,11976279.0
2013-11-12,17202259.0,12206181.0,12187370.0,11976279.0
2013-11-13,17196818.0,12205951.0,12187370.0,11976279.0
2013-11-14,17230987.0,12206229.0,12187370.0,11976279.0
2013-11-15,17237205.0,12239536.0,12187370.0,11976279.0
2013-11-18,17240507.0,12245172.0,12187370.0,11976279.0
2013-11-19,17248344.0,12245200.0,12187370.0,11976279.0
2013-11-20,17237832.0,12245152.0,12187370.0,11976279.0
2013-11-21,17256584.0,12245440.0,12187370.0,11976279.0
2013-11-22,17257121.0,12261332.0,12187370.0,11976279.0
2013-11-25,17259408.0,12261555.0,12187370.0,11976279.0
2013-11-26,17266679.0,12261923.0,12187370.0,11976279.0
2013-11-27,17250895.0,12262513.0,12187370.0,11976279.0
2013-11-29,17265316.0,12263720.0,12187370.0,11976279.0
2013-12-02,17283177.0,12281126.0,12281126.0,11976279.0
2013-12-03,17271389.0,12307401.0,12281126.0,11976279.0
2013-12-04,17270216.0,12307650.0,12281126.0,11976279.0
2013-12-05,17276834.0,12307567.0,12281126.0,11976279.0
2013-12-06,17275135.0,12312131.0,12281126.0,11976279.0
2013-12-09,17278437.0,12311922.0,12281126.0,11976279.0
2013-12-10,17282088.0,12311521.0,12281126.0,11976279.0
2013-12-11,17270526.0,12311568.0,12281126.0,11976279.0
2013-12-12,17274131.0,12311562.0,12281126.0,11976279.0
2013-12-13,17272233.0,12312262.0,12281126.0,11976279.0
2013-12-16,17307102.0,12311985.0,12281126.0,11976279.0
2013-12-17,17316651.0,12341952.0,12281126.0,11976279.0
2013-12-18,17306862.0,12341903.0,12281126.0,11976279.0
2013-12-19,17299589.0,12342895.0,12281126.0,11976279.0
2013-12-20,17298484.0,12333222.0,12281126.0,11976279.0
2013-12-23,17298674.0,12332310.0,12281126.0,11976279.0
2013-12-24,17296096.0,12331804.0,12281126.0,11976279.0
2013-12-26,17274103.0,12331879.0,12281126.0,11976279.0
2013-12-27,17274262.0,12310557.0,12281126.0,11976279.0
2013-12-30,17274732.0,12309396.0,12281126.0,11976279.0
2013-12-31,17400384.0,12309327.0,12281126.0,11976279.0
2014-01-02,17364380.0,12355427.0,12355427.0,11976279.0
2014-01-03,17357249.0,12334521.0,12355427.0,11976279.0
2014-01-06,17358585.0,12334428.0,12355427.0,11976279.0
2014-01-07,17363585.0,12333871.0,12355427.0,11976279.0
2014-01-08,17355325.0,12334077.0,12355427.0,11976279.0
2014-01-09,17329545.0,12335377.0,12355427.0,11976279.0
2014-01-10,17329213.0,12305375.0,12355427.0,11976279.0
2014-01-13,17330866.0,12305148.0,12355427.0,11976279.0
2014-01-14,17335580.0,12304912.0,12355427.0,11976279.0
2014-01-15,17335192.0,12304771.0,12355427.0,11976279.0
2014-01-16,17318558.0,12308587.0,12355427.0,11976279.0
2014-01-17,17321991.0,12287829.0,12355427.0,11976279.0
2014-01-21,17324393.0,12287682.0,12355427.0,11976279.0
2014-01-22,17321744.0,12286928.0,12355427.0,11976279.0
2014-01-23,17309741.0,12286999.0,12355427.0,11976279.0
2014-01-24,17311525.0,12271772.0,12355427.0,11976279.0
2014-01-27,17314937.0,12271566.0,12355427.0,11976279.0
2014-01-28,17320136.0,12271560.0,12355427.0,11976279.0
2014-01-29,17320700.0,12271925.0,12355427.0,11976279.0
2014-01-30,17297460.0,12271951.0,12355427.0,11976279.0
2014-01-31,17340353.0,12251267.0,12355427.0,11976279.0
2014-02-03,17310343.0,12308143.0,12308143.0,11976279.0
2014-02-04,17327313.0,12305249.0,12308143.0,11976279.0
2014-02-05,17328505.0,12306070.0,12308143.0,11976279.0
2014-02-06,17305784.0,12306450.0,12308143.0,11976279.0
2014-02-07,17306116.0,12280178.0,12308143.0,11976279.0
2014-02-10,34517613.0,17211558.0,12308143.0,16699421.0
2014-02-11,34517611.0,17211558.0,12308143.0,16699421.0
2014-02-12,34517589.0,17211558.0,12308143.0,16699421.0
2014-02-13,34517636.0,17211558.0,12308143.0,16699421.0
2014-02-14,34517615.0,17211558.0,12308143.0,16699421.0
2014-02-18,17431874.0,12281050.0,12308143.0,11976279.0
2014-02-19,17432623.0,12400840.0,12308143.0,11976279.0
2014-02-20,17456331.0,12401454.0,12308143.0,11976279.0
2014-02-21,17458386.0,12424459.0,12308143.0,11976279.0
2014-02-24,17460398.0,12424354.0,12308143.0,11976279.0
2014-02-25,17466386.0,12424985.0,12308143.0,11976279.0
2014-02-26,17457986.0,12424949.0,12308143.0,11976279.0
2014-02-27,17474049.0,12425388.0,12308143.0,11976279.0
2014-02-28,17510176.0,12443553.0,12308143.0,11976279.0
2014-03-03,17491302.0,12492550.0,12492550.0,11976279.0
2014-03-04,17514135.0,12510308.0,12492550.0,11976279.0
2014-03-05,17514437.0,12511237.0,12492550.0,11976279.0
2014-03-06,17538802.0,12511038.0,12492550.0,11976279.0
2014-03-07,17537999.0,12531106.0,12492550.0,11976279.0
2014-03-10,17542511.0,12531142.0,12492550.0,11976279.0
2014-03-11,17548454.0,12531387.0,12492550.0,11976279.0
2014-03-12,17538239.0,12531447.0,12492550.0,11976279.0
2014-03-13,17558333.0,12531578.0,12492550.0,11976279.0
2014-03-14,17558519.0,12550099.0,12492550.0,11976279.0
2014-03-17,17593642.0,12550392.0,12492550.0,11976279.0
2014-03-18,17605878.0,12582073.0,12492550.0,11976279.0
2014-03-19,17596305.0,12580784.0,12492550.0,11976279.0
2014-03-20,17593744.0,12582505.0,12492550.0,11976279.0
2014-03-21,17595006.0,12576776.0,12492550.0,11976279.0
2014-03-24,17596896.0,12577834.0,12492550.0,11976279.0
2014-03-25,17602741.0,12578350.0,12492550.0,11976279.0
2014-03-26,17590827.0,12579227.0,12492550.0,11976279.0
2014-03-27,17580329.0,12580618.0,12492550.0,11976279.0
2014-03-28,17601014.0,12569570.0,12492550.0,11976279.0
2014-03-31,17647940.0,12581405.0,12492550.0,11976279.0
2014-04-01,17624844.0,12619319.0,12619319.0,11976279.0
2014-04-02,17632318.0,12616879.0,12619319.0,11976279.0
2014-04-03,17601503.0,12618077.0,12619319.0,11976279.0
2014-04-04,17602151.0,12602149.0,12619319.0,11976279.0
2014-04-07,17606285.0,12602379.0,12619319.0,11976279.0
2014-04-08,17613746.0,12602711.0,12619319.0,11976279.0
2014-04-09,17603247.0,12603054.0,12619319.0,11976279.0
2014-04-10,17585682.0,12603223.0,12619319.0,11976279.0
2014-04-11,17585249.0,12584388.0,12619319.0,11976279.0
2014-04-14,17588512.0,12584606.0,12619319.0,11976279.0
2014-04-15,17623447.0,12584712.0,12619319.0,11976279.0
2014-04-16,17618432.0,12599490.0,12619319.0,11976279.0
2014-04-17,17559013.0,12600050.0,12619319.0,11976279.0
2014-04-18,17563164.0,12535406.0,12619319.0,11976279.0
2014-04-21,17567972.0,12535508.0,12619319.0,11976279.0
2014-04-22,17575522.0,12536043.0,12619319.0,11976279.0
2014-04-23,17572479.0,12536334.0,12619319.0,11976279.0
2014-04-24,17484402.0,12536675.0,12619319.0,11976279.0
2014-04-25,17482962.0,12446269.0,12619319.0,11976279.0
2014-04-28,17487253.0,12446429.0,12619319.0,11976279.0
2014-04-29,17493800.0,12446608.0,12619319.0,11976279.0
2014-04-30,17554768.0,12447337.0,12619319.0,11976279.0
2014-05-01,17520668.0,12503468.0,12503468.0,11976279.0
2014-05-02,17514438.0,12493672.0,12503468.0,11976279.0
2014-05-05,17519482.0,12494049.0,12503468.0,11976279.0
2014-05-06,17530590.0,12494736.0,12503468.0,11976279.0
2014-05-07,17530394.0,12496779.0,12503468.0,11976279.0
2014-05-08,17518343.0,12497316.0,12503468.0,11976279.0
2014-05-09,17518560.0,12478871.0,12503468.0,11976279.0
2014-05-12,17518383.0,12479137.0,12503468.0,11976279.0
2014-05-13,17524197.0,12479623.0,12503468.0,11976279.0
2014-05-14,17512591.0,12480095.0,12503468.0,11976279.0
2014-05-15,17517802.0,12480627.0,12503468.0,11976279.0
2014-05-16,17519353.0,12481115.0,12503468.0,11976279.0
2014-05-19,17525390.0,12481121.0,12503468.0,11976279.0
2014-05-20,17531243.0,12481564.0,12503468.0,11976279.0
2014-05-21,17521493.0,12482070.0,12503468.0,11976279.0
2014-05-22,17534565.0,12482982.0,12503468.0,11976279.0
2014-05-23,17536613.0,12493820.0,12503468.0,11976279.0
2014-05-27,17541079.0,12494510.0,12503468.0,11976279.0
2014-05-28,17536160.0,12495294.0,12503468.0,11976279.0
2014-05-29,17549005.0,12496199.0,12503468.0,11976279.0
2014-05-30,17562411.0,12511804.0,12503468.0,11976279.0
2014-06-02,17570307.0,12538030.0,12538030.0,11976279.0
2014-06-03,17563021.0,12558205.0,12538030.0,11976279.0
2014-06-04,17563489.0,12558455.0,12538030.0,11976279.0
2014-06-05,17589997.0,12558918.0,12538030.0,11976279.0
2014-06-06,17589381.0,12580620.0,12538030.0,11976279.0
2014-06-09,17594275.0,12580665.0,12538030.0,11976279.0
2014-06-10,17600533.0,12581002.0,12538030.0,11976279.0
2014-06-11,17589798.0,12581345.0,12538030.0,11976279.0
2014-06-12,17581971.0,12581455.0,12538030.0,11976279.0
2014-06-13,17581472.0,12568640.0,12538030.0,11976279.0
2014-06-16,17614361.0,12568409.0,12538030.0,11976279.0
2014-06-17,17626424.0,12595122.0,12538030.0,11976279.0
2014-06-18,17617291.0,12595456.0,12538030.0,11976279.0
2014-06-19,17577789.0,12595667.0,12538030.0,11976279.0
2014-06-20,17575237.0,12552652.0,12538030.0,11976279.0
2014-06-23,17580994.0,12552889.0,12538030.0,11976279.0
2014-06-24,17591114.0,12554501.0,12538030.0,11976279.0
2014-06-25,17578393.0,12555292.0,12538030.0,11976279.0
2014-06-26,17557862.0,12555847.0,12538030.0,11976279.0
2014-06-27,17569720.0,12532912.0,12538030.0,11976279.0
2014-06-30,17676673.0,12546014.0,12538030.0,11976279.0
2014-07-01,17646730.0,12572220.0,12572220.0,11976279.0
2014-07-02,17653769.0,12566398.0,12572220.0,11976279.0
2014-07-03,17630644.0,12568459.0,12572220.0,11976279.0
2014-07-07,17632769.0,12560651.0,12572220.0,11976279.0
2014-07-08,17640428.0,12560911.0,12572220.0,11976279.0
2014-07-09,17630752.0,12561434.0,12572220.0,11976279.0
2014-07-10,17635091.0,12561557.0,12572220.0,11976279.0
2014-07-11,17633417.0,12564442.0,12572220.0,11976279.0
2014-07-14,17635934.0,12564510.0,12572220.0,11976279.0
2014-07-15,17647677.0,12564707.0,12572220.0,11976279.0
2014-07-16,17638227.0,12569302.0,12572220.0,11976279.0
2014-07-17,17644439.0,12569579.0,12572220.0,11976279.0
2014-07-18,17643483.0,12570853.0,12572220.0,11976279.0
2014-07-21,17646744.0,12571044.0,12572220.0,11976279.0
2014-07-22,17654142.0,12571315.0,12572220.0,11976279.0
2014-07-23,17643110.0,12571705.0,12572220.0,11976279.0
2014-07-24,17657808.0,12571807.0,12572220.0,11976279.0
2014-07-25,17655352.0,12582284.0,12572220.0,11976279.0
2014-07-28,17656904.0,12582413.0,12572220.0,11976279.0
2014-07-29,17665611.0,12582288.0,12572220.0,11976279.0
2014-07-30,17662450.0,12586442.0,12572220.0,11976279.0
2014-07-31,17730929.0,12587232.0,12572220.0,11976279.0
2014-08-01,17674991.0,12651478.0,12651478.0,11976279.0
2014-08-04,17684505.0,12645592.0,12651478.0,11976279.0
2014-08-05,17693396.0,12645617.0,12651478.0,11976279.0
2014-08-06,17695581.0,12646234.0,12651478.0,11976279.0
2014-08-07,17714221.0,12646821.0,12651478.0,11976279.0
2014-08-08,17716460.0,12660853.0,12651478.0,11976279.0
2014-08-11,17718792.0,12660868.0,12651478.0,11976279.0
2014-08-12,17724041.0,12661221.0,12651478.0,11976279.0
2014-08-13,17711181.0,12661929.0,12651478.0,11976279.0
2014-08-14,17715366.0,12661970.0,12651478.0,11976279.0
2014-08-15,17722651.0,12664426.0,12651478.0,11976279.0
2014-08-18,17726173.0,12670883.0,12651478.0,11976279.0
2014-08-19,17735909.0,12671326.0,12651478.0,11976279.0
2014-08-20,17733656.0,12671872.0,12651478.0,11976279.0
2014-08-21,17752973.0,12672644.0,12651478.0,11976279.0
2014-08-22,17753901.0,12687385.0,12651478.0,11976279.0
2014-08-25,17756438.0,12687555.0,12651478.0,11976279.0
2014-08-26,17763118.0,12687863.0,12651478.0,11976279.0
2014-08-27,17751937.0,12688900.0,12651478.0,11976279.0
2014-08-28,17765207.0,12689141.0,12651478.0,11976279.0
2014-08-29,17791927.0,12703133.0,12651478.0,11976279.0
2014-09-02,17784374.0,12732612.0,12732612.0,11976279.0
2014-09-03,17777389.0,12747340.0,12732612.0,11976279.0
2014-09-04,17797193.0,12747829.0,12732612.0,11976279.0
2014-09-05,17799572.0,12766172.0,12732612.0,11976279.0
2014-09-08,17800572.0,12765991.0,12732612.0,11976279.0
2014-09-09,17807399.0,12765618.0,12732612.0,11976279.0
2014-09-10,17796208.0,12765618.0,12732612.0,11976279.0
2014-09-11,17784775.0,12765874.0,12732612.0,11976279.0
2014-09-12,17783831.0,12752132.0,12732612.0,11976279.0
2014-09-15,17803369.0,12752542.0,12732612.0,11976279.0
2014-09-16,17813498.0,12766112.0,12732612.0,11976279.0
2014-09-17,17807354.0,12767449.0,12732612.0,11976279.0
2014-09-18,17792459.0,12767523.0,12732612.0,11976279.0
2014-09-19,17791634.0,12749715.0,12732612.0,11976279.0
2014-09-22,17794683.0,12749570.0,12732612.0,11976279.0
2014-09-23,17802378.0,12749553.0,12732612.0,11976279.0
2014-09-24,17795374.0,12750185.0,12732612.0,11976279.0
2014-09-25,17784146.0,12750886.0,12732612.0,11976279.0
2014-09-26,17830104.0,12739573.0,12732612.0,11976279.0
2014-09-29,17824029.0,12752684.0,12732612.0,11976279.0
2014-09-30,17867035.0,12752784.0,12732612.0,11976279.0
2014-10-01,17918213.0,12784971.0,12784971.0,12784971.0
2014-10-02,17915899.0,12781307.0,12784971.0,12784971.0
2014-10-03,17901454.0,12771249.0,12784971.0,12784971.0
2014-10-06,17905921.0,12771061.0,12784971.0,12784971.0
2014-10-07,17910606.0,12770376.0,12784971.0,12784971.0
2014-10-08,17902699.0,12771826.0,12784971.0,12784971.0
2014-10-09,17902477.0,12772555.0,12784971.0,12784971.0
2014-10-10,17901365.0,12770195.0,12784971.0,12784971.0
2014-10-14,17904065.0,12770891.0,12784971.0,12784971.0
2014-10-15,17928857.0,12771134.0,12784971.0,12784971.0
2014-10-16,17941231.0,12798044.0,12784971.0,12784971.0
2014-10-17,17945277.0,12807514.0,12784971.0,12784971.0
2014-10-20,17946850.0,12808642.0,12784971.0,12784971.0
2014-10-21,17951545.0,12808335.0,12784971.0,12784971.0
2014-10-22,17940266.0,12808819.0,12784971.0,12784971.0
2014-10-23,17940865.0,12808536.0,12784971.0,12784971.0
2014-10-24,17940546.0,12807935.0,12784971.0,12784971.0
2014-10-27,17941533.0,12808195.0,12784971.0,12784971.0
2014-10-28,17947926.0,12808180.0,12784971.0,12784971.0
2014-10-29,17946811.0,12809231.0,12784971.0,12784971.0
2014-10-30,17956237.0,12809196.0,12784971.0,12784971.0
2014-10-31,17978484.0,12818483.0,12784971.0,12784971.0
2014-11-03,17949760.0,12857056.0,12857056.0,12784971.0
2014-11-04,17963617.0,12854734.0,12857056.0,12784971.0
2014-11-05,17964773.0,12854875.0,12857056.0,12784971.0
2014-11-06,17979444.0,12855177.0,12857056.0,12784971.0
2014-11-07,17978891.0,12865216.0,12857056.0,12784971.0
2014-11-10,17983727.0,12865689.0,12857056.0,12784971.0
2014-11-12,17977870.0,12865643.0,12857056.0,12784971.0
2014-11-13,17982675.0,12865785.0,12857056.0,12784971.0
2014-11-14,17987488.0,12872813.0,12857056.0,12784971.0
2014-11-17,17996420.0,12874019.0,12857056.0,12784971.0
2014-11-18,18007078.0,12879075.0,12857056.0,12784971.0
2014-11-19,17997077.0,12880370.0,12857056.0,12784971.0
2014-11-20,18007609.0,12881763.0,12857056.0,12784971.0
2014-11-21,18007641.0,12888587.0,12857056.0,12784971.0
2014-11-24,18010526.0,12889777.0,12857056.0,12784971.0
2014-11-25,18014443.0,12889756.0,12857056.0,12784971.0
2014-11-26,18004919.0,12890968.0,12857056.0,12784971.0
2014-11-28,18046406.0,12890693.0,12857056.0,12784971.0
2014-12-01,18028987.0,12922682.0,12922682.0,12784971.0
2014-12-02,18035577.0,12931901.0,12922682.0,12784971.0
2014-12-03,18017726.0,12932181.0,12922682.0,12784971.0
2014-12-04,18034560.0,12931968.0,12922682.0,12784971.0
2014-12-05,18031893.0,12945812.0,12922682.0,12784971.0
2014-12-08,18034011.0,12945466.0,12922682.0,12784971.0
2014-12-09,18038701.0,12944154.0,12922682.0,12784971.0
2014-12-10,18026188.0,12944580.0,12922682.0,12784971.0
2014-12-11,18040035.0,12944641.0,12922682.0,12784971.0
2014-12-12,18039310.0,12956054.0,12922682.0,12784971.0
2014-12-15,18067290.0,12955794.0,12922682.0,12784971.0
2014-12-16,18074079.0,12979180.0,12922682.0,12784971.0
2014-12-17,18068759.0,12979253.0,12922682.0,12784971.0
2014-12-18,18069807.0,12982114.0,12922682.0,12784971.0
2014-12-19,18068739.0,12988041.0,12922682.0,12784971.0
2014-12-22,18071778.0,12987968.0,12922682.0,12784971.0
2014-12-23,18085242.0,12988080.0,12922682.0,12784971.0
2014-12-24,18073006.0,12990290.0,12922682.0,12784971.0
2014-12-26,18070856.0,12990290.0,12922682.0,12784971.0
2014-12-29,18080170.0,12994195.0,12922682.0,12784971.0
2014-12-30,18084567.0,12994463.0,12922682.0,12784971.0
2014-12-31,18181592.0,12995323.0,12922682.0,12784971.0
2015-01-02,18120761.0,13023951.0,13023951.0,12784971.0
2015-01-05,18131437.0,13000210.0,13023951.0,12784971.0
2015-01-06,18137926.0,12999337.0,13023951.0,12784971.0
2015-01-07,18138362.0,12999569.0,13023951.0,12784971.0
2015-01-08,18124990.0,12999091.0,13023951.0,12784971.0
2015-01-09,18125988.0,12981963.0,13023951.0,12784971.0
2015-01-12,18127082.0,12981628.0,13023951.0,12784971.0
2015-01-13,18132296.0,12981012.0,13023951.0,12784971.0
2015-01-14,18121595.0,12980752.0,13023951.0,12784971.0
2015-01-15,18119727.0,12981667.0,13023951.0,12784971.0
2015-01-16,18120904.0,12971949.0,13023951.0,12784971.0
2015-01-20,18126120.0,12971502.0,13023951.0,12784971.0
2015-01-21,18123527.0,12970475.0,13023951.0,12784971.0
2015-01-22,18127490.0,12971143.0,13023951.0,12784971.0
2015-01-23,18126390.0,12970392.0,13023951.0,12784971.0
2015-01-26,18127754.0,12970193.0,13023951.0,12784971.0
2015-01-27,18135138.0,12970485.0,13023951.0,12784971.0
2015-01-28,18122599.0,12970534.0,13023951.0,12784971.0
2015-01-29,18125074.0,12970173.0,13023951.0,12784971.0
2015-01-30,18120881.0,12970704.0,13023951.0,12784971.0
2015-02-02,18137610.0,12984930.0,12984930.0,12784971.0
2015-02-03,18137061.0,13009391.0,12984930.0,12784971.0
2015-02-04,18138529.0,13009360.0,12984930.0,12784971.0
2015-02-05,18164479.0,13010253.0,12984930.0,12784971.0
2015-02-06,18163555.0,13030730.0,12984930.0,12784971.0
2015-02-09,18167076.0,13030503.0,12984930.0,12784971.0
2015-02-10,18170924.0,13030241.0,12984930.0,12784971.0
2015-02-11,18159396.0,13030085.0,12984930.0,12784971.0
2015-02-12,18175455.0,13030766.0,12984930.0,12784971.0
2015-02-13,18175386.0,13044635.0,12984930.0,12784971.0
2015-02-17,18160944.0,13044579.0,12984930.0,12784971.0
2015-02-18,18161373.0,13024635.0,12984930.0,12784971.0
2015-02-19,18176951.0,13025594.0,12984930.0,12784971.0
2015-02-20,18179008.0,13038548.0,12984930.0,12784971.0
2015-02-23,18179862.0,13038402.0,12984930.0,12784971.0
2015-02-24,18186549.0,13037661.0,12984930.0,12784971.0
2015-02-25,18171790.0,13038073.0,12984930.0,12784971.0
2015-02-26,18188188.0,13038635.0,12984930.0,12784971.0
2015-02-27,18195371.0,13052463.0,12984930.0,12784971.0
2015-03-02,18193036.0,13074036.0,13074036.0,12784971.0
2015-03-03,18189444.0,13082176.0,13074036.0,12784971.0
2015-03-04,18189141.0,13083157.0,13074036.0,12784971.0
2015-03-05,18186803.0,13083702.0,13074036.0,12784971.0
2015-03-06,18186534.0,13078025.0,13074036.0,12784971.0
2015-03-09,18189585.0,13077606.0,13074036.0,12784971.0
2015-03-10,18195225.0,13076997.0,13074036.0,12784971.0
2015-03-11,18188457.0,13077002.0,13074036.0,12784971.0
2015-03-12,18193308.0,13077261.0,13074036.0,12784971.0
2015-03-13,18191940.0,13084089.0,13074036.0,12784971.0
2015-03-16,36304881.0,18113000.0,13074036.0,12784971.0
2015-03-17,36304861.0,18113000.0,13074036.0,12784971.0
2015-03-18,36304843.0,18113000.0,13074036.0,12784971.0
2015-03-19,36304869.0,18113000.0,13074036.0,12784971.0
2015-03-20,36304850.0,18113000.0,13074036.0,12784971.0
2015-03-23,36304790.0,18113000.0,13074036.0,12784971.0
2015-03-24,36304771.0,18113000.0,13074036.0,12784971.0
2015-03-25,36304750.0,18113000.0,13074036.0,12784971.0
2015-03-26,36304760.0,18113000.0,13074036.0,12784971.0
2015-03-27,36304741.0,18113000.0,13074036.0,12784971.0
2015-03-30,36304681.0,18113000.0,13074036.0,12784971.0
2015-03-31,36304137.0,18113000.0,13074036.0,12784971.0
2015-04-01,36304117.0,18113000.0,18113000.0,12784971.0
2015-04-02,36304269.0,18113000.0,18113000.0,12784971.0
2015-04-03,36304249.0,18113000.0,18113000.0,12784971.0
2015-04-06,36304188.0,18113000.0,18113000.0,12784971.0
2015-04-07,36304169.0,18113000.0,18113000.0,12784971.0
2015-04-08,36304148.0,18113000.0,18113000.0,12784971.0
2015-04-09,36304153.0,18113000.0,18113000.0,12784971.0
2015-04-10,36304134.0,18113000.0,18113000.0,12784971.0
2015-04-13,36304073.0,18113000.0,18113000.0,12784971.0
2015-04-14,36304053.0,18113000.0,18113000.0,12784971.0
2015-04-15,36304032.0,18113000.0,18113000.0,12784971.0
2015-04-16,36304040.0,18113000.0,18113000.0,12784971.0
2015-04-17,36304021.0,18113000.0,18113000.0,12784971.0
2015-04-20,36303959.0,18113000.0,18113000.0,12784971.0
2015-04-21,36303939.0,18113000.0,18113000.0,12784971.0
2015-04-22,36303919.0,18113000.0,18113000.0,12784971.0
2015-04-23,36303925.0,18113000.0,18113000.0,12784971.0
2015-04-24,36303903.0,18113000.0,18113000.0,12784971.0
2015-04-27,36303843.0,18113000.0,18113000.0,12784971.0
2015-04-28,36303823.0,18113000.0,18113000.0,12784971.0
2015-04-29,36303803.0,18113000.0,18113000.0,12784971.0
2015-04-30,36305145.0,18113000.0,18113000.0,12784971.0
2015-05-01,36305125.0,18113000.0,18113000.0,12784971.0
2015-05-04,36305063.0,18113000.0,18113000.0,12784971.0
2015-05-05,36305043.0,18113000.0,18113000.0,12784971.0
2015-05-06,36305023.0,18113000.0,18113000.0,12784971.0
2015-05-07,36305021.0,18113000.0,18113000.0,12784971.0
2015-05-08,36305000.0,18113000.0,18113000.0,12784971.0
2015-05-11,36304939.0,18113000.0,18113000.0,12784971.0
2015-05-12,36304919.0,18113000.0,18113000.0,12784971.0
2015-05-13,36304898.0,18113000.0,18113000.0,12784971.0
2015-05-14,36304901.0,18113000.0,18113000.0,12784971.0
2015-05-15,36304881.0,18113000.0,18113000.0,12784971.0
2015-05-18,36304821.0,18113000.0,18113000.0,12784971.0
2015-05-19,36304799.0,18113000.0,18113000.0,12784971.0
2015-05-20,36304779.0,18113000.0,18113000.0,12784971.0
2015-05-21,36304781.0,18113000.0,18113000.0,12784971.0
2015-05-22,36304761.0,18113000.0,18113000.0,12784971.0
2015-05-26,36304680.0,18113000.0,18113000.0,12784971.0
2015-05-27,36304659.0,18113000.0,18113000.0,12784971.0
2015-05-28,36304791.0,18113000.0,18113000.0,12784971.0
2015-05-29,36305728.0,18113000.0,18113000.0,12784971.0
2015-06-01,36305708.0,18113000.0,18113000.0,12784971.0
2015-06-02,36305687.0,18113000.0,18113000.0,12784971.0
2015-06-03,36305668.0,18113000.0,18113000.0,12784971.0
2015-06-04,36305665.0,18113000.0,18113000.0,12784971.0
2015-06-05,36305645.0,18113000.0,18113000.0,12784971.0
2015-06-08,36305582.0,18113000.0,18113000.0,12784971.0
2015-06-09,36305563.0,18113000.0,18113000.0,12784971.0
2015-06-10,36305543.0,18113000.0,18113000.0,12784971.0
2015-06-11,36305543.0,18113000.0,18113000.0,12784971.0
2015-06-12,36305523.0,18113000.0,18113000.0,12784971.0
2015-06-15,36305461.0,18113000.0,18113000.0,12784971.0
2015-06-16,36305439.0,18113000.0,18113000.0,12784971.0
2015-06-17,36305419.0,18113000.0,18113000.0,12784971.0
2015-06-18,36305425.0,18113000.0,18113000.0,12784971.0
2015-06-19,36305403.0,18113000.0,18113000.0,12784971.0
2015-06-22,36305342.0,18113000.0,18113000.0,12784971.0
2015-06-23,36305322.0,18113000.0,18113000.0,12784971.0
2015-06-24,36305301.0,18113000.0,18113000.0,12784971.0
2015-06-25,36305449.0,18113000.0,18113000.0,12784971.0
2015-06-26,36305427.0,18113000.0,18113000.0,12784971.0
2015-06-29,36305367.0,18113000.0,18113000.0,12784971.0
2015-06-30,36304020.0,18113000.0,18113000.0,12784971.0
2015-07-01,36303999.0,18113000.0,18113000.0,12784971.0
2015-07-02,36304009.0,18113000.0,18113000.0,12784971.0
2015-07-03,36303988.0,18113000.0,18113000.0,12784971.0
2015-07-06,36303926.0,18113000.0,18113000.0,12784971.0
2015-07-07,36303906.0,18113000.0,18113000.0,12784971.0
2015-07-08,36303885.0,18113000.0,18113000.0,12784971.0
2015-07-09,36303888.0,18113000.0,18113000.0,12784971.0
2015-07-10,36303867.0,18113000.0,18113000.0,12784971.0
2015-07-13,36303806.0,18113000.0,18113000.0,12784971.0
2015-07-14,36303785.0,18113000.0,18113000.0,12784971.0
2015-07-15,36303765.0,18113000.0,18113000.0,12784971.0
2015-07-16,36303771.0,18113000.0,18113000.0,12784971.0
2015-07-17,36303751.0,18113000.0,18113000.0,12784971.0
2015-07-20,36303689.0,18113000.0,18113000.0,12784971.0
2015-07-21,36303668.0,18113000.0,18113000.0,12784971.0
2015-07-22,36303648.0,18113000.0,18113000.0,12784971.0
2015-07-23,36303833.0,18113000.0,18113000.0,12784971.0
2015-07-24,36303812.0,18113000.0,18113000.0,12784971.0
2015-07-27,36303749.0,18113000.0,18113000.0,12784971.0
2015-07-28,36303727.0,18113000.0,18113000.0,12784971.0
2015-07-29,36303707.0,18113000.0,18113000.0,12784971.0
2015-07-30,36303730.0,18113000.0,18113000.0,12784971.0
2015-07-31,36302671.0,18113000.0,18113000.0,12784971.0
2015-08-03,36302606.0,18113000.0,18113000.0,12784971.0
2015-08-04,36302585.0,18113000.0,18113000.0,12784971.0
2015-08-05,36302564.0,18113000.0,18113000.0,12784971.0
2015-08-06,36302595.0,18113000.0,18113000.0,12784971.0
2015-08-07,36302573.0,18113000.0,18113000.0,12784971.0
2015-08-10,36302508.0,18113000.0,18113000.0,12784971.0
2015-08-11,36302487.0,18113000.0,18113000.0,12784971.0
2015-08-12,36302467.0,18113000.0,18113000.0,12784971.0
2015-08-13,36302523.0,18113000.0,18113000.0,12784971.0
2015-08-14,36302501.0,18113000.0,18113000.0,12784971.0
2015-08-17,36302435.0,18113000.0,18113000.0,12784971.0
2015-08-18,36302413.0,18113000.0,18113000.0,12784971.0
2015-08-19,36302391.0,18113000.0,18113000.0,12784971.0
2015-08-20,36302625.0,18113000.0,18113000.0,12784971.0
2015-08-21,36302601.0,18113000.0,18113000.0,12784971.0
2015-08-24,36302534.0,18113000.0,18113000.0,12784971.0
2015-08-25,36302511.0,18113000.0,18113000.0,12784971.0
2015-08-26,36302488.0,18113000.0,18113000.0,12784971.0
2015-08-27,36302523.0,18113000.0,18113000.0,12784971.0
2015-08-28,36302499.0,18113000.0,18113000.0,12784971.0
2015-08-31,36302325.0,18113000.0,18113000.0,12784971.0
2015-09-01,36302304.0,18113000.0,18113000.0,12784971.0
2015-09-02,36302280.0,18113000.0,18113000.0,12784971.0
2015-09-03,36302334.0,18113000.0,18113000.0,12784971.0
2015-09-04,36302311.0,18113000.0,18113000.0,12784971.0
2015-09-08,36302218.0,18113000.0,18113000.0,12784971.0
2015-09-09,36302194.0,18113000.0,18113000.0,12784971.0
2015-09-10,36302242.0,18113000.0,18113000.0,12784971.0
2015-09-11,36302218.0,18113000.0,18113000.0,12784971.0
2015-09-14,36302148.0,18113000.0,18113000.0,12784971.0
2015-09-15,36302124.0,18113000.0,18113000.0,12784971.0
2015-09-16,36302100.0,18113000.0,18113000.0,12784971.0
2015-09-17,36302313.0,18113000.0,18113000.0,12784971.0
2015-09-18,36302289.0,18113000.0,18113000.0,12784971.0
2015-09-21,36302218.0,18113000.0,18113000.0,12784971.0
2015-09-22,36302194.0,18113000.0,18113000.0,12784971.0
2015-09-23,36302170.0,18113000.0,18113000.0,12784971.0
2015-09-24,36302170.0,18113000.0,18113000.0,12784971.0
2015-09-25,36302148.0,18113000.0,18113000.0,12784971.0
2015-09-28,36302075.0,18113000.0,18113000.0,12784971.0
2015-09-29,36302052.0,18113000.0,18113000.0,12784971.0
2015-09-30,36301259.0,18113000.0,18113000.0,12784971.0
2015-10-01,36301257.0,18113000.0,18113000.0,18113000.0
2015-10-02,36301234.0,18113000.0,18113000.0,18113000.0
2015-10-05,36301162.0,18113000.0,18113000.0,18113000.0
2015-10-06,36301139.0,18113000.0,18113000.0,18113000.0
2015-10-07,36301115.0,18113000.0,18113000.0,18113000.0
2015-10-08,36301105.0,18113000.0,18113000.0,18113000.0
2015-10-09,36301082.0,18113000.0,18113000.0,18113000.0
2015-10-13,36300987.0,18113000.0,18113000.0,18113000.0
2015-10-14,36300964.0,18113000.0,18113000.0,18113000.0
2015-10-15,36305457.0,18113000.0,18113000.0,18113000.0
2015-10-16,36305435.0,18113000.0,18113000.0,18113000.0
2015-10-19,36305364.0,18113000.0,18113000.0,18113000.0
2015-10-20,36305342.0,18113000.0,18113000.0,18113000.0
2015-10-21,36305318.0,18113000.0,18113000.0,18113000.0
2015-10-22,36305326.0,18113000.0,18113000.0,18113000.0
2015-10-23,36305302.0,18113000.0,18113000.0,18113000.0
2015-10-26,36305231.0,18113000.0,18113000.0,18113000.0
2015-10-27,36305208.0,18113000.0,18113000.0,18113000.0
2015-10-28,36305185.0,18113000.0,18113000.0,18113000.0
2015-10-29,36305205.0,18113000.0,18113000.0,18113000.0
2015-10-30,36305988.0,18113000.0,18113000.0,18113000.0
2015-11-02,18532073.0,13060657.0,13060657.0,13123847.0
2015-11-03,18572316.0,13259598.0,13060657.0,13123847.0
2015-11-04,18572821.0,13304633.0,13060657.0,13123847.0
2015-11-05,18649801.0,13304150.0,13060657.0,13123847.0
2015-11-06,18649843.0,13378297.0,13060657.0,13123847.0
2015-11-09,18654721.0,13378217.0,13060657.0,13123847.0
2015-11-10,18645332.0,13377810.0,13060657.0,13123847.0
2015-11-12,18689062.0,13378011.0,13060657.0,13123847.0
2015-11-13,18693532.0,13422684.0,13060657.0,13123847.0
2015-11-16,18700477.0,13422582.0,13060657.0,13123847.0
2015-11-17,18709988.0,13425314.0,13060657.0,13123847.0
2015-11-18,18698293.0,13425228.0,13060657.0,13123847.0
2015-11-19,18758218.0,13425425.0,13060657.0,13123847.0
2015-11-20,18760797.0,13486033.0,13060657.0,13123847.0
2015-11-23,18762704.0,13487492.0,13060657.0,13123847.0
2015-11-24,18770190.0,13487562.0,13060657.0,13123847.0
2015-11-25,18759546.0,13488216.0,13060657.0,13123847.0
2015-11-27,18822417.0,13488003.0,13060657.0,13123847.0
2015-11-30,18867463.0,13551155.0,13060657.0,13123847.0
2015-12-01,18837966.0,13588989.0,13588989.0,13123847.0
2015-12-02,18842852.0,13586014.0,13588989.0,13123847.0
2015-12-03,18828169.0,13586471.0,13588989.0,13123847.0
2015-12-04,18826993.0,13587978.0,13588989.0,13123847.0
2015-12-07,18829320.0,13587798.0,13588989.0,13123847.0
2015-12-08,18829172.0,13586975.0,13588989.0,13123847.0
2015-12-09,18815178.0,13587662.0,13588989.0,13123847.0
2015-12-10,18802351.0,13587276.0,13588989.0,13123847.0
2015-12-11,18805189.0,13576379.0,13588989.0,13123847.0
2015-12-14,18807859.0,13576193.0,13588989.0,13123847.0
2015-12-15,18838420.0,13576055.0,13588989.0,13123847.0
2015-12-16,18828331.0,13600643.0,13588989.0,13123847.0
2015-12-17,18836562.0,13600726.0,13588989.0,13123847.0
2015-12-18,18835301.0,13602387.0,13588989.0,13123847.0
2015-12-21,18838421.0,13602301.0,13588989.0,13123847.0
2015-12-22,18847568.0,13602156.0,13588989.0,13123847.0
2015-12-23,18835454.0,13602991.0,13588989.0,13123847.0
2015-12-24,18843146.0,13603159.0,13588989.0,13123847.0
2015-12-28,18858893.0,13608106.0,13588989.0,13123847.0
2015-12-29,18864293.0,13621291.0,13588989.0,13123847.0
2015-12-30,18865232.0,13621995.0,13588989.0,13123847.0
2015-12-31,18962613.0,13622733.0,13588989.0,13123847.0
2016-01-04,18941301.0,13672522.0,13672522.0,13123847.0
2016-01-05,18958798.0,13669501.0,13672522.0,13123847.0
2016-01-06,18958716.0,13670584.0,13672522.0,13123847.0
2016-01-07,18928392.0,13670032.0,13672522.0,13123847.0
2016-01-08,18929138.0,13634967.0,13672522.0,13123847.0
2016-01-11,18932315.0,13635121.0,13672522.0,13123847.0
2016-01-12,18938111.0,13634547.0,13672522.0,13123847.0
2016-01-13,18996191.0,13634464.0,13672522.0,13123847.0
2016-01-14,18964038.0,13634513.0,13672522.0,13123847.0
2016-01-15,18975052.0,13599643.0,13672522.0,13123847.0
2016-01-19,18981033.0,13604858.0,13672522.0,13123847.0
2016-01-20,18981782.0,13604762.0,13672522.0,13123847.0
2016-01-21,18999274.0,13605231.0,13672522.0,13123847.0
2016-01-22,19002056.0,13618067.0,13672522.0,13123847.0
2016-01-25,19002332.0,13618137.0,13672522.0,13123847.0
2016-01-26,19008691.0,13618253.0,13672522.0,13123847.0
2016-01-27,19002918.0,13619379.0,13672522.0,13123847.0
2016-01-28,19030211.0,13619208.0,13672522.0,13123847.0
2016-01-29,19052218.0,13642413.0,13672522.0,13123847.0
2016-02-01,19015091.0,13657155.0,13657155.0,13123847.0
2016-02-02,19031651.0,13653630.0,13657155.0,13123847.0
2016-02-03,19014527.0,13654223.0,13657155.0,13123847.0
2016-02-04,19036213.0,13653956.0,13657155.0,13123847.0
2016-02-05,19035879.0,13671782.0,13657155.0,13123847.0
2016-02-08,19039684.0,13671685.0,13657155.0,13123847.0
2016-02-09,19044788.0,13671179.0,13657155.0,13123847.0
2016-02-10,19030734.0,13671232.0,13657155.0,13123847.0
2016-02-11,19055756.0,13671218.0,13657155.0,13123847.0
2016-02-12,19055999.0,13694656.0,13657155.0,13123847.0
2016-02-16,19069419.0,13694791.0,13657155.0,13123847.0
2016-02-17,19068371.0,13701821.0,13657155.0,13123847.0
2016-02-18,19086582.0,13702339.0,13657155.0,13123847.0
2016-02-19,19091839.0,13720658.0,13657155.0,13123847.0
2016-02-22,19092756.0,13720729.0,13657155.0,13123847.0
2016-02-23,19104232.0,13720102.0,13657155.0,13123847.0
2016-02-24,19093498.0,13720282.0,13657155.0,13123847.0
2016-02-25,19110080.0,13720778.0,13657155.0,13123847.0
2016-02-26,19119526.0,13737073.0,13657155.0,13123847.0
2016-02-29,19164130.0,13750549.0,13657155.0,13123847.0
2016-03-01,19129536.0,13785189.0,13785189.0,13123847.0
2016-03-02,19136156.0,13783341.0,13785189.0,13123847.0
2016-03-03,19132013.0,13783164.0,13785189.0,13123847.0
2016-03-04,19132336.0,13793876.0,13785189.0,13123847.0
2016-03-07,19136601.0,13793877.0,13785189.0,13123847.0
2016-03-08,19151631.0,13794825.0,13785189.0,13123847.0
2016-03-09,19138917.0,13794796.0,13785189.0,13123847.0
2016-03-10,19164151.0,13795114.0,13785189.0,13123847.0
2016-03-11,19163090.0,13818926.0,13785189.0,13123847.0
2016-03-14,19167458.0,13818958.0,13785189.0,13123847.0
2016-03-15,19200590.0,13819746.0,13785189.0,13123847.0
2016-03-16,19190093.0,13844438.0,13785189.0,13123847.0
2016-03-17,19227023.0,13844765.0,13785189.0,13123847.0
2016-03-18,19241765.0,13872098.0,13785189.0,13123847.0
2016-03-21,19244301.0,13871715.0,13785189.0,13123847.0
2016-03-22,19250024.0,13871782.0,13785189.0,13123847.0
2016-03-23,19239258.0,13872009.0,13785189.0,13123847.0
2016-03-24,19250401.0,13872276.0,13785189.0,13123847.0
2016-03-25,19253644.0,13886696.0,13785189.0,13123847.0
2016-03-28,19268741.0,13886716.0,13785189.0,13123847.0
2016-03-29,19274322.0,13899570.0,13785189.0,13123847.0
2016-03-30,19271551.0,13900262.0,13785189.0,13123847.0
2016-03-31,19303886.0,13899646.0,13785189.0,13123847.0
2016-04-01,19257441.0,13924878.0,13924878.0,13123847.0
2016-04-04,19266899.0,13921674.0,13924878.0,13123847.0
2016-04-05,19275900.0,13922034.0,13924878.0,13123847.0
2016-04-06,19277717.0,13923115.0,13924878.0,13123847.0
2016-04-07,19260060.0,13923977.0,13924878.0,13123847.0
2016-04-08,19262029.0,13902919.0,13924878.0,13123847.0
2016-04-11,19264988.0,13903108.0,13924878.0,13123847.0
2016-04-12,19272745.0,13902453.0,13924878.0,13123847.0
2016-04-13,19260014.0,13903092.0,13924878.0,13123847.0
2016-04-14,19241945.0,13902494.0,13924878.0,13123847.0
2016-04-15,19242338.0,13881974.0,13924878.0,13123847.0
2016-04-18,19246904.0,13865459.0,13924878.0,13123847.0
2016-04-19,19260436.0,13865650.0,13924878.0,13123847.0
2016-04-20,19254260.0,13865811.0,13924878.0,13123847.0
2016-04-21,19235389.0,13868108.0,13924878.0,13123847.0
2016-04-22,19236769.0,13844262.0,13924878.0,13123847.0
2016-04-25,19248873.0,13844359.0,13924878.0,13123847.0
2016-04-26,19257178.0,13844294.0,13924878.0,13123847.0
2016-04-27,19247888.0,13844839.0,13924878.0,13123847.0
2016-04-28,19224861.0,13845666.0,13924878.0,13123847.0
2016-04-29,19226092.0,13824359.0,13924878.0,13123847.0
2016-05-02,19208660.0,13841195.0,13841195.0,13123847.0
2016-05-03,19210451.0,13831186.0,13841195.0,13123847.0
2016-05-04,19225267.0,13831649.0,13841195.0,13123847.0
2016-05-05,19226760.0,13832249.0,13841195.0,13123847.0
2016-05-06,19228694.0,13826922.0,13841195.0,13123847.0
2016-05-09,19236063.0,13827049.0,13841195.0,13123847.0
2016-05-10,19243057.0,13827271.0,13841195.0,13123847.0
2016-05-11,19231921.0,13828504.0,13841195.0,13123847.0
2016-05-12,19238744.0,13829328.0,13841195.0,13123847.0
2016-05-13,19238446.0,13832797.0,13841195.0,13123847.0
2016-05-16,19245463.0,13832772.0,13841195.0,13123847.0
2016-05-17,19256505.0,13835035.0,13841195.0,13123847.0
2016-05-18,19244954.0,13836047.0,13841195.0,13123847.0
2016-05-19,19250943.0,13836956.0,13841195.0,13123847.0
2016-05-20,19248285.0,13840100.0,13841195.0,13123847.0
2016-05-23,19250893.0,13840181.0,13841195.0,13123847.0
2016-05-24,19261424.0,13840722.0,13841195.0,13123847.0
2016-05-25,19252483.0,13841341.0,13841195.0,13123847.0
2016-05-26,19254708.0,13842105.0,13841195.0,13123847.0
2016-05-27,19264965.0,13842706.0,13841195.0,13123847.0
2016-05-31,19303776.0,13857303.0,13841195.0,13123847.0
2016-06-01,19268935.0,13886303.0,13886303.0,13123847.0
2016-06-02,19267782.0,13884271.0,13886303.0,13123847.0
2016-06-03,19252992.0,13879180.0,13886303.0,13123847.0
2016-06-06,19258892.0,13879563.0,13886303.0,13123847.0
2016-06-07,19266782.0,13881076.0,13886303.0,13123847.0
2016-06-08,19268631.0,13882390.0,13886303.0,13123847.0
2016-06-09,19257887.0,13882697.0,13886303.0,13123847.0
2016-06-10,19257250.0,13872590.0,13886303.0,13123847.0
2016-06-13,19260605.0,13872875.0,13886303.0,13123847.0
2016-06-14,19268369.0,13873342.0,13886303.0,13123847.0
2016-06-15,19283856.0,13874221.0,13886303.0,13123847.0
2016-06-16,19286585.0,13897065.0,13886303.0,13123847.0
2016-06-17,19291302.0,13893504.0,13886303.0,13123847.0
2016-06-20,19294906.0,13893769.0,13886303.0,13123847.0
2016-06-21,19303970.0,13894075.0,13886303.0,13123847.0
2016-06-22,19290634.0,13894847.0,13886303.0,13123847.0
2016-06-23,19298188.0,13895632.0,13886303.0,13123847.0
2016-06-24,19316291.0,13894409.0,13886303.0,13123847.0
2016-06-27,19317607.0,13907929.0,13886303.0,13123847.0
2016-06-28,19322660.0,13908843.0,13886303.0,13123847.0
2016-06-29,19321564.0,13909012.0,13886303.0,13123847.0
2016-06-30,19416643.0,13909293.0,13886303.0,13123847.0
2016-07-01,19351961.0,13932743.0,13932743.0,13123847.0
2016-07-05,19362683.0,13926088.0,13932743.0,13123847.0
2016-07-06,19378456.0,13927226.0,13932743.0,13123847.0
2016-07-07,19395151.0,13928111.0,13932743.0,13123847.0
2016-07-08,19396984.0,13943998.0,13932743.0,13123847.0
2016-07-11,19401857.0,13944032.0,13932743.0,13123847.0
2016-07-12,19407789.0,13944569.0,13932743.0,13123847.0
2016-07-13,19396124.0,13946039.0,13932743.0,13123847.0
2016-07-14,19415505.0,13946772.0,13932743.0,13123847.0
2016-07-15,19420951.0,13964143.0,13932743.0,13123847.0
2016-07-18,19425915.0,13967596.0,13932743.0,13123847.0
2016-07-19,19437160.0,13968266.0,13932743.0,13123847.0
2016-07-20,19426479.0,13968796.0,13932743.0,13123847.0
2016-07-21,19435538.0,13969333.0,13932743.0,13123847.0
2016-07-22,19435280.0,13974805.0,13932743.0,13123847.0
2016-07-25,19442062.0,13974919.0,13932743.0,13123847.0
2016-07-26,19449982.0,13975247.0,13932743.0,13123847.0
2016-07-27,19437735.0,13975895.0,13932743.0,13123847.0
2016-07-28,19447199.0,13976589.0,13932743.0,13123847.0
2016-07-29,19462428.0,13986166.0,13932743.0,13123847.0
2016-08-01,19393416.0,13998220.0,13998220.0,13123847.0
2016-08-02,19408901.0,13968476.0,13998220.0,13123847.0
2016-08-03,19394003.0,13969823.0,13998220.0,13123847.0
2016-08-04,19414304.0,13970207.0,13998220.0,13123847.0
2016-08-05,19414857.0,13986683.0,13998220.0,13123847.0
2016-08-08,19420213.0,13986845.0,13998220.0,13123847.0
2016-08-09,19425366.0,13987042.0,13998220.0,13123847.0
2016-08-10,19412237.0,13987509.0,13998220.0,13123847.0
2016-08-11,19439072.0,13987862.0,13998220.0,13123847.0
2016-08-12,19437670.0,14012831.0,13998220.0,13123847.0
2016-08-15,19454750.0,14012910.0,13998220.0,13123847.0
2016-08-16,19462647.0,14024111.0,13998220.0,13123847.0
2016-08-17,19456335.0,14024871.0,13998220.0,13123847.0
2016-08-18,19479855.0,14026424.0,13998220.0,13123847.0
2016-08-19,19477995.0,14047675.0,13998220.0,13123847.0
2016-08-22,19480658.0,14047726.0,13998220.0,13123847.0
2016-08-23,19489577.0,14048083.0,13998220.0,13123847.0
2016-08-24,19477520.0,14048515.0,13998220.0,13123847.0
2016-08-25,19506908.0,14049851.0,13998220.0,13123847.0
2016-08-26,19518468.0,14074663.0,13998220.0,13123847.0
2016-08-29,19520809.0,14087753.0,13998220.0,13123847.0
2016-08-30,19526665.0,14087948.0,13998220.0,13123847.0
2016-08-31,19545125.0,14088909.0,13998220.0,13123847.0
2016-09-01,19516500.0,14104114.0,14104114.0,13123847.0
2016-09-02,19505287.0,14109650.0,14104114.0,13123847.0
2016-09-06,19508747.0,14110181.0,14104114.0,13123847.0
2016-09-07,19514272.0,14109708.0,14104114.0,13123847.0
2016-09-08,19516969.0,14111279.0,14104114.0,13123847.0
2016-09-09,19517553.0,14112595.0,14104114.0,13123847.0
2016-09-12,19519445.0,14112569.0,14104114.0,13123847.0
2016-09-13,19528050.0,14111756.0,14104114.0,13123847.0
2016-09-14,19515248.0,14113613.0,14104114.0,13123847.0
2016-09-15,19543222.0,14113613.0,14104114.0,13123847.0
2016-09-16,19545866.0,14134190.0,14104114.0,13123847.0
2016-09-19,19553006.0,14134071.0,14104114.0,13123847.0
2016-09-20,19559191.0,14133907.0,14104114.0,13123847.0
2016-09-21,19552287.0,14134014.0,14104114.0,13123847.0
2016-09-22,19554403.0,14135524.0,14104114.0,13123847.0
2016-09-23,19559670.0,14133281.0,14104114.0,13123847.0
2016-09-26,19564420.0,14133690.0,14104114.0,13123847.0
2016-09-27,19571661.0,14133540.0,14104114.0,13123847.0
2016-09-28,19554714.0,14133914.0,14104114.0,13123847.0
2016-09-29,19567753.0,14134460.0,14104114.0,13123847.0
2016-09-30,19608434.0,14148919.0,14104114.0,13123847.0
2016-10-03,19677863.0,14173424.0,14173424.0,14173424.0
2016-10-04,19694349.0,14169562.0,14173424.0,14173424.0
2016-10-05,19698275.0,14170607.0,14173424.0,14173424.0
2016-10-06,19723743.0,14170897.0,14173424.0,14173424.0
2016-10-07,19722368.0,14191999.0,14173424.0,14173424.0
2016-10-11,19729158.0,14192020.0,14173424.0,14173424.0
2016-10-12,19723498.0,14191727.0,14173424.0,14173424.0
2016-10-13,19755896.0,14192469.0,14173424.0,14173424.0
2016-10-14,19756657.0,14225009.0,14173424.0,14173424.0
2016-10-17,19790525.0,14224929.0,14173424.0,14173424.0
2016-10-18,19801514.0,14250369.0,14173424.0,14173424.0
2016-10-19,19789165.0,14250776.0,14173424.0,14173424.0
2016-10-20,19820597.0,14251115.0,14173424.0,14173424.0
2016-10-21,19821427.0,14280303.0,14173424.0,14173424.0
2016-10-24,19822927.0,14280596.0,14173424.0,14173424.0
2016-10-25,19843383.0,14280601.0,14173424.0,14173424.0
2016-10-26,19830350.0,14281263.0,14173424.0,14173424.0
2016-10-27,19859826.0,14282026.0,14173424.0,14173424.0
2016-10-28,19855440.0,14310095.0,14173424.0,14173424.0
2016-10-31,19841681.0,14309983.0,14173424.0,14173424.0
2016-11-01,19795992.0,14286501.0,14286501.0,14173424.0
2016-11-02,19805533.0,14284843.0,14286501.0,14173424.0
2016-11-03,19826158.0,14287093.0,14286501.0,14173424.0
2016-11-04,19826762.0,14320172.0,14286501.0,14173424.0
2016-11-07,19832502.0,14321489.0,14286501.0,14173424.0
2016-11-08,19842125.0,14322369.0,14286501.0,14173424.0
2016-11-09,19829554.0,14323406.0,14286501.0,14173424.0
2016-11-10,19876700.0,14324109.0,14286501.0,14173424.0
2016-11-14,19878187.0,14371393.0,14286501.0,14173424.0
2016-11-15,19903103.0,14370899.0,14286501.0,14173424.0
2016-11-16,19893783.0,14371171.0,14286501.0,14173424.0
2016-11-17,19933263.0,14372638.0,14286501.0,14173424.0
2016-11-18,19932053.0,14406421.0,14286501.0,14173424.0
2016-11-21,19934999.0,14406544.0,14286501.0,14173424.0
2016-11-22,19943507.0,14406491.0,14286501.0,14173424.0
2016-11-23,19933931.0,14407163.0,14286501.0,14173424.0
2016-11-25,19964158.0,14407388.0,14286501.0,14173424.0
2016-11-28,19965135.0,14431144.0,14286501.0,14173424.0
2016-11-29,19966620.0,14431113.0,14286501.0,14173424.0
2016-11-30,19985335.0,14431428.0,14286501.0,14173424.0
2016-12-01,19938935.0,14443700.0,14443700.0,14173424.0
2016-12-02,19918583.0,14426958.0,14443700.0,14173424.0
2016-12-05,19922843.0,14424639.0,14443700.0,14173424.0
2016-12-06,19929606.0,14424538.0,14443700.0,14173424.0
2016-12-07,19928383.0,14425239.0,14443700.0,14173424.0
2016-12-08,19914906.0,14425439.0,14443700.0,14173424.0
2016-12-09,19913831.0,14407909.0,14443700.0,14173424.0
2016-12-12,19916094.0,14408013.0,14443700.0,14173424.0
2016-12-13,19921659.0,14407878.0,14443700.0,14173424.0
2016-12-14,19908764.0,14407842.0,14443700.0,14173424.0
2016-12-15,19912750.0,14408092.0,14443700.0,14173424.0
2016-12-16,19913434.0,14409960.0,14443700.0,14173424.0
2016-12-19,19919970.0,14409754.0,14443700.0,14173424.0
2016-12-20,19926868.0,14409251.0,14443700.0,14173424.0
2016-12-21,19915525.0,14409701.0,14443700.0,14173424.0
2016-12-22,19914819.0,14410281.0,14443700.0,14173424.0
2016-12-23,19924526.0,14406888.0,14443700.0,14173424.0
2016-12-27,19927912.0,14406979.0,14443700.0,14173424.0
2016-12-28,19916570.0,14406465.0,14443700.0,14173424.0
2016-12-29,19916462.0,14405853.0,14443700.0,14173424.0
2016-12-30,20014612.0,14407587.0,14443700.0,14173424.0
2017-01-03,19972713.0,14434842.0,14434842.0,14173424.0
2017-01-04,19990070.0,14433863.0,14434842.0,14173424.0
2017-01-05,19986424.0,14434184.0,14434842.0,14173424.0
2017-01-06,19990726.0,14428038.0,14434842.0,14173424.0
2017-01-09,19993163.0,14427907.0,14434842.0,14173424.0
2017-01-10,20002056.0,14428006.0,14434842.0,14173424.0
2017-01-11,19989510.0,14428296.0,14434842.0,14173424.0
2017-01-12,19979673.0,14428237.0,14434842.0,14173424.0
2017-01-13,19978447.0,14416901.0,14434842.0,14173424.0
2017-01-17,19997656.0,14416525.0,14434842.0,14173424.0
2017-01-18,19999135.0,14423557.0,14434842.0,14173424.0
2017-01-19,19982213.0,14423938.0,14434842.0,14173424.0
2017-01-20,19985055.0,14403769.0,14434842.0,14173424.0
2017-01-23,19987330.0,14403704.0,14434842.0,14173424.0
2017-01-24,19995708.0,14403352.0,14434842.0,14173424.0
2017-01-25,19988188.0,14403554.0,14434842.0,14173424.0
2017-01-26,19977605.0,14403833.0,14434842.0,14173424.0
2017-01-27,19976683.0,14387199.0,14434842.0,14173424.0
2017-01-30,19977323.0,14387268.0,14434842.0,14173424.0
2017-01-31,19974802.0,14387073.0,14434842.0,14173424.0
2017-02-01,19937545.0,14376139.0,14376139.0,14173424.0
2017-02-02,19940614.0,14376019.0,14376139.0,14173424.0
2017-02-03,19923628.0,14366132.0,14376139.0,14173424.0
2017-02-06,19927982.0,14365218.0,14376139.0,14173424.0
2017-02-07,19933382.0,14365258.0,14376139.0,14173424.0
2017-02-08,19922192.0,14365366.0,14376139.0,14173424.0
2017-02-09,19960064.0,14366066.0,14376139.0,14173424.0
2017-02-10,19958759.0,14402430.0,14376139.0,14173424.0
2017-02-13,19961807.0,14402526.0,14376139.0,14173424.0
2017-02-14,19970235.0,14402458.0,14376139.0,14173424.0
2017-02-15,19974884.0,14404013.0,14376139.0,14173424.0
2017-02-16,19964223.0,14417333.0,14376139.0,14173424.0
2017-02-17,19970112.0,14403393.0,14376139.0,14173424.0
2017-02-21,19972784.0,14403414.0,14376139.0,14173424.0
2017-02-22,19973314.0,14403611.0,14376139.0,14173424.0
2017-02-23,19951454.0,14404724.0,14376139.0,14173424.0
2017-02-24,19967666.0,14384082.0,14376139.0,14173424.0
2017-02-27,19968643.0,14396804.0,14376139.0,14173424.0
2017-02-28,19996662.0,14396789.0,14376139.0,14173424.0
2017-03-01,19957452.0,14411381.0,14411381.0,14173424.0
2017-03-02,19932273.0,14408363.0,14411381.0,14173424.0
2017-03-03,19915758.0,14373460.0,14411381.0,14173424.0
2017-03-06,19920191.0,14373225.0,14411381.0,14173424.0
2017-03-07,19927005.0,14373652.0,14411381.0,14173424.0
2017-03-08,19916258.0,14374138.0,14411381.0,14173424.0
2017-03-09,19892918.0,14374900.0,14411381.0,14173424.0
2017-03-10,19890824.0,14349789.0,14411381.0,14173424.0
2017-03-13,19895136.0,14349130.0,14411381.0,14173424.0
2017-03-14,19939703.0,14349636.0,14411381.0,14173424.0
2017-03-15,19882875.0,14384776.0,14411381.0,14173424.0
2017-03-16,39692116.0,19808772.0,14411381.0,14173424.0
2017-03-17,39692045.0,19808772.0,14411381.0,14173424.0
2017-03-20,39691828.0,19808772.0,14411381.0,14173424.0
2017-03-21,39691756.0,19808772.0,14411381.0,14173424.0
2017-03-22,39691685.0,19808772.0,14411381.0,14173424.0
2017-03-23,39692123.0,19808772.0,14411381.0,14173424.0
2017-03-24,39692049.0,19808772.0,14411381.0,14173424.0
2017-03-27,39691826.0,19808772.0,14411381.0,14173424.0
2017-03-28,39691750.0,19808772.0,14411381.0,14173424.0
2017-03-29,39691677.0,19808772.0,14411381.0,14173424.0
2017-03-30,39692535.0,19808772.0,14411381.0,14173424.0
2017-03-31,39692865.0,19808772.0,14411381.0,14173424.0
2017-04-03,39692873.0,19808772.0,19808772.0,14173424.0
2017-04-04,39692311.0,19808772.0,19808772.0,14173424.0
2017-04-05,39692231.0,19808772.0,19808772.0,14173424.0
2017-04-06,39692678.0,19808772.0,19808772.0,14173424.0
2017-04-07,39692596.0,19808772.0,19808772.0,14173424.0
2017-04-10,39692352.0,19808772.0,19808772.0,14173424.0
2017-04-11,39692271.0,19808772.0,19808772.0,14173424.0
2017-04-12,39692189.0,19808772.0,19808772.0,14173424.0
2017-04-13,39692652.0,19808772.0,19808772.0,14173424.0
2017-04-14,39692569.0,19808772.0,19808772.0,14173424.0
2017-04-17,39692321.0,19808772.0,19808772.0,14173424.0
2017-04-18,39692237.0,19808772.0,19808772.0,14173424.0
2017-04-19,39692155.0,19808772.0,19808772.0,14173424.0
2017-04-20,39692612.0,19808772.0,19808772.0,14173424.0
2017-04-21,39692529.0,19808772.0,19808772.0,14173424.0
2017-04-24,39692280.0,19808772.0,19808772.0,14173424.0
2017-04-25,39692197.0,19808772.0,19808772.0,14173424.0
2017-04-26,39692114.0,19808772.0,19808772.0,14173424.0
2017-04-27,39693009.0,19808772.0,19808772.0,14173424.0
2017-04-28,39692284.0,19808772.0,19808772.0,14173424.0
2017-05-01,39692199.0,19808772.0,19808772.0,14173424.0
2017-05-02,39692115.0,19808772.0,19808772.0,14173424.0
2017-05-03,39692033.0,19808772.0,19808772.0,14173424.0
2017-05-04,39692501.0,19808772.0,19808772.0,14173424.0
2017-05-05,39692417.0,19808772.0,19808772.0,14173424.0
2017-05-08,39692159.0,19808772.0,19808772.0,14173424.0
2017-05-09,39692074.0,19808772.0,19808772.0,14173424.0
2017-05-10,39691989.0,19808772.0,19808772.0,14173424.0
2017-05-11,39692479.0,19808772.0,19808772.0,14173424.0
2017-05-12,39692392.0,19808772.0,19808772.0,14173424.0
2017-05-15,39692131.0,19808772.0,19808772.0,14173424.0
2017-05-16,39692044.0,19808772.0,19808772.0,14173424.0
2017-05-17,39691957.0,19808772.0,19808772.0,14173424.0
2017-05-18,39692449.0,19808772.0,19808772.0,14173424.0
2017-05-19,39692359.0,19808772.0,19808772.0,14173424.0
2017-05-22,39692094.0,19808772.0,19808772.0,14173424.0
2017-05-23,39692005.0,19808772.0,19808772.0,14173424.0
2017-05-24,39691917.0,19808772.0,19808772.0,14173424.0
2017-05-25,39692888.0,19808772.0,19808772.0,14173424.0
2017-05-26,39692797.0,19808772.0,19808772.0,14173424.0
2017-05-30,39692435.0,19808772.0,19808772.0,14173424.0
2017-05-31,39691908.0,19808772.0,19808772.0,14173424.0
2017-06-01,39692435.0,19808772.0,19808772.0,14173424.0
2017-06-02,39692341.0,19808772.0,19808772.0,14173424.0
2017-06-05,39692061.0,19808772.0,19808772.0,14173424.0
2017-06-06,39691966.0,19808772.0,19808772.0,14173424.0
2017-06-07,39691873.0,19808772.0,19808772.0,14173424.0
2017-06-08,39692382.0,19808772.0,19808772.0,14173424.0
2017-06-09,39692287.0,19808772.0,19808772.0,14173424.0
2017-06-12,39692001.0,19808772.0,19808772.0,14173424.0
2017-06-13,39691906.0,19808772.0,19808772.0,14173424.0
2017-06-14,39691811.0,19808772.0,19808772.0,14173424.0
2017-06-15,39692325.0,19808772.0,19808772.0,14173424.0
2017-06-16,39692230.0,19808772.0,19808772.0,14173424.0
2017-06-19,39691944.0,19808772.0,19808772.0,14173424.0
2017-06-20,39691849.0,19808772.0,19808772.0,14173424.0
2017-06-21,39691753.0,19808772.0,19808772.0,14173424.0
2017-06-22,39692768.0,19808772.0,19808772.0,14173424.0
2017-06-23,39692671.0,19808772.0,19808772.0,14173424.0
2017-06-26,39692380.0,19808772.0,19808772.0,14173424.0
2017-06-27,39692283.0,19808772.0,19808772.0,14173424.0
2017-06-28,39692185.0,19808772.0,19808772.0,14173424.0
2017-06-29,39692711.0,19808772.0,19808772.0,14173424.0
2017-06-30,39689133.0,19808772.0,19808772.0,14173424.0
2017-07-03,39689273.0,19808772.0,19808772.0,14173424.0
2017-07-05,39689076.0,19808772.0,19808772.0,14173424.0
2017-07-06,39689619.0,19808772.0,19808772.0,14173424.0
2017-07-07,39689519.0,19808772.0,19808772.0,14173424.0
2017-07-10,39689217.0,19808772.0,19808772.0,14173424.0
2017-07-11,39689118.0,19808772.0,19808772.0,14173424.0
2017-07-12,39689017.0,19808772.0,19808772.0,14173424.0
2017-07-13,39689556.0,19808772.0,19808772.0,14173424.0
2017-07-14,39689453.0,19808772.0,19808772.0,14173424.0
2017-07-17,39689147.0,19808772.0,19808772.0,14173424.0
2017-07-18,39689043.0,19808772.0,19808772.0,14173424.0
2017-07-19,39688942.0,19808772.0,19808772.0,14173424.0
2017-07-20,39689963.0,19808772.0,19808772.0,14173424.0
2017-07-21,39689857.0,19808772.0,19808772.0,14173424.0
2017-07-24,39689541.0,19808772.0,19808772.0,14173424.0
2017-07-25,39689435.0,19808772.0,19808772.0,14173424.0
2017-07-26,39689330.0,19808772.0,19808772.0,14173424.0
2017-07-27,39689903.0,19808772.0,19808772.0,14173424.0
2017-07-28,39689795.0,19808772.0,19808772.0,14173424.0
2017-07-31,39689843.0,19808772.0,19808772.0,14173424.0
2017-08-01,39689751.0,19808772.0,19808772.0,14173424.0
2017-08-02,39689642.0,19808772.0,19808772.0,14173424.0
2017-08-03,39690191.0,19808772.0,19808772.0,14173424.0
2017-08-04,39690079.0,19808772.0,19808772.0,14173424.0
2017-08-07,39689747.0,19808772.0,19808772.0,14173424.0
2017-08-08,39689636.0,19808772.0,19808772.0,14173424.0
2017-08-09,39689525.0,19808772.0,19808772.0,14173424.0
2017-08-10,39690069.0,19808772.0,19808772.0,14173424.0
2017-08-11,39689955.0,19808772.0,19808772.0,14173424.0
2017-08-14,39689617.0,19808772.0,19808772.0,14173424.0
2017-08-15,39689505.0,19808772.0,19808772.0,14173424.0
2017-08-16,39689393.0,19808772.0,19808772.0,14173424.0
2017-08-17,39690401.0,19808772.0,19808772.0,14173424.0
2017-08-18,39690288.0,19808772.0,19808772.0,14173424.0
2017-08-21,39689949.0,19808772.0,19808772.0,14173424.0
2017-08-22,39689836.0,19808772.0,19808772.0,14173424.0
2017-08-23,39689723.0,19808772.0,19808772.0,14173424.0
2017-08-24,39690226.0,19808772.0,19808772.0,14173424.0
2017-08-25,39690112.0,19808772.0,19808772.0,14173424.0
2017-08-28,39689771.0,19808772.0,19808772.0,14173424.0
2017-08-29,39689658.0,19808772.0,19808772.0,14173424.0
2017-08-30,39689545.0,19808772.0,19808772.0,14173424.0
2017-08-31,39689091.0,19808772.0,19808772.0,14173424.0
2017-09-01,39689267.0,19808772.0,19808772.0,14173424.0
2017-09-05,39688805.0,19808772.0,19808772.0,14173424.0
2017-09-06,39688690.0,19808772.0,19808772.0,14173424.0
2017-09-07,39689198.0,19808772.0,19808772.0,14173424.0
2017-09-08,20197962.0,14410076.0,14381562.0,14173424.0
2017-09-11,20201299.0,14622661.0,14381562.0,14173424.0
2017-09-12,20209054.0,14624241.0,14381562.0,14173424.0
2017-09-13,20195499.0,14624439.0,14381562.0,14173424.0
2017-09-14,20201466.0,14624324.0,14381562.0,14173424.0
2017-09-15,20189506.0,14627259.0,14381562.0,14173424.0
2017-09-18,20196193.0,14611034.0,14381562.0,14173424.0
2017-09-19,20208909.0,14611843.0,14381562.0,14173424.0
2017-09-20,20200454.0,14613433.0,14381562.0,14173424.0
2017-09-21,20215710.0,14615130.0,14381562.0,14173424.0
2017-09-22,20217865.0,14628385.0,14381562.0,14173424.0
2017-09-25,20225896.0,14630331.0,14381562.0,14173424.0
2017-09-26,20236373.0,14630071.0,14381562.0,14173424.0
2017-09-27,20224533.0,14632475.0,14381562.0,14173424.0
2017-09-28,20239545.0,14632296.0,14381562.0,14173424.0
2017-09-29,20281162.0,14649195.0,14381562.0,14173424.0
2017-10-02,20383945.0,14673429.0,14673429.0,14673429.0
2017-10-03,20379833.0,14679490.0,14673429.0,14673429.0
2017-10-04,20382670.0,14678605.0,14673429.0,14673429.0
2017-10-05,20407490.0,14678620.0,14673429.0,14673429.0
2017-10-06,20409487.0,14699887.0,14673429.0,14673429.0
2017-10-10,20419184.0,14702051.0,14673429.0,14673429.0
2017-10-11,20411450.0,14702512.0,14673429.0,14673429.0
2017-10-12,20418711.0,14703236.0,14673429.0,14673429.0
2017-10-13,20420665.0,14709162.0,14673429.0,14673429.0
2017-10-16,20459258.0,14709006.0,14673429.0,14673429.0
2017-10-17,20469619.0,14739245.0,14673429.0,14673429.0
2017-10-18,20459533.0,14739563.0,14673429.0,14673429.0
2017-10-19,20469890.0,14739697.0,14673429.0,14673429.0
2017-10-20,20468445.0,14751486.0,14673429.0,14673429.0
2017-10-23,20471863.0,14751549.0,14673429.0,14673429.0
2017-10-24,20479617.0,14751842.0,14673429.0,14673429.0
2017-10-25,20475787.0,14752220.0,14673429.0,14673429.0
2017-10-26,20489663.0,14752404.0,14673429.0,14673429.0
2017-10-27,20490493.0,14770807.0,14673429.0,14673429.0
2017-10-30,20489535.0,14771762.0,14673429.0,14673429.0
2017-10-31,20478709.0,14772105.0,14673429.0,14673429.0
2017-11-01,20489514.0,14751446.0,14751446.0,14673429.0
2017-11-02,20521500.0,14799846.0,14751446.0,14673429.0
2017-11-03,20505495.0,14821642.0,14751446.0,14673429.0
2017-11-06,20511139.0,14821576.0,14751446.0,14673429.0
2017-11-07,20518479.0,14822172.0,14751446.0,14673429.0
2017-11-08,20508213.0,14823048.0,14751446.0,14673429.0
2017-11-09,20532888.0,14823147.0,14751446.0,14673429.0
2017-11-10,20504103.0,14844967.0,14751446.0,14673429.0
2017-11-13,20534411.0,14844847.0,14751446.0,14673429.0
2017-11-14,20540047.0,14845406.0,14751446.0,14673429.0
2017-11-15,20543739.0,14845582.0,14751446.0,14673429.0
2017-11-16,20565957.0,14860504.0,14751446.0,14673429.0
2017-11-17,20570698.0,14878275.0,14751446.0,14673429.0
2017-11-20,20574838.0,14879382.0,14751446.0,14673429.0
2017-11-21,20583333.0,14879996.0,14751446.0,14673429.0
2017-11-22,20569719.0,14881051.0,14751446.0,14673429.0
2017-11-24,20593911.0,14881228.0,14751446.0,14673429.0
2017-11-27,20600104.0,14900676.0,14751446.0,14673429.0
2017-11-28,20604293.0,14901319.0,14751446.0,14673429.0
2017-11-29,20600454.0,14902208.0,14751446.0,14673429.0
2017-11-30,20627086.0,14902566.0,14751446.0,14673429.0
2017-12-01,20568471.0,14918713.0,14918713.0,14673429.0
2017-12-04,20576774.0,14914018.0,14918713.0,14673429.0
2017-12-05,20582968.0,14914002.0,14918713.0,14673429.0
2017-12-06,20582715.0,14913710.0,14918713.0,14673429.0
2017-12-07,20578073.0,14913765.0,14918713.0,14673429.0
2017-12-08,20529799.0,14905961.0,14918713.0,14673429.0
2017-12-11,40985381.0,20456000.0,14918713.0,14673429.0
2017-12-12,40985241.0,20456000.0,14918713.0,14673429.0
2017-12-13,40980065.0,20456000.0,14918713.0,14673429.0
2017-12-14,40985925.0,20456000.0,14918713.0,14673429.0
2017-12-15,40985782.0,20456000.0,14918713.0,14673429.0
2017-12-18,40985357.0,20456000.0,14918713.0,14673429.0
2017-12-19,40985214.0,20456000.0,14918713.0,14673429.0
2017-12-20,40985072.0,20456000.0,14918713.0,14673429.0
2017-12-21,40985919.0,20456000.0,14918713.0,14673429.0
2017-12-22,40985774.0,20456000.0,14918713.0,14673429.0
2017-12-26,40985195.0,20456000.0,14918713.0,14673429.0
2017-12-27,40985050.0,20456000.0,14918713.0,14673429.0
2017-12-28,40985934.0,20456000.0,14918713.0,14673429.0
2017-12-29,40985518.0,20456000.0,14918713.0,14673429.0
2018-01-02,40985223.0,20456000.0,20456000.0,14673429.0
2018-01-03,40985077.0,20456000.0,20456000.0,14673429.0
2018-01-04,40986767.0,20456000.0,20456000.0,14673429.0
2018-01-05,40986617.0,20456000.0,20456000.0,14673429.0
2018-01-08,40986165.0,20456000.0,20456000.0,14673429.0
2018-01-09,40986015.0,20456000.0,20456000.0,14673429.0
2018-01-10,40985863.0,20456000.0,20456000.0,14673429.0
2018-01-11,40986828.0,20456000.0,20456000.0,14673429.0
2018-01-12,40986675.0,20456000.0,20456000.0,14673429.0
2018-01-16,40986057.0,20456000.0,20456000.0,14673429.0
2018-01-17,40985903.0,20456000.0,20456000.0,14673429.0
2018-01-18,40986867.0,20456000.0,20456000.0,14673429.0
2018-01-19,40986710.0,20456000.0,20456000.0,14673429.0
2018-01-22,40986241.0,20456000.0,20456000.0,14673429.0
2018-01-23,40986085.0,20456000.0,20456000.0,14673429.0
2018-01-24,40985929.0,20456000.0,20456000.0,14673429.0
2018-01-25,40986872.0,20456000.0,20456000.0,14673429.0
2018-01-26,40986714.0,20456000.0,20456000.0,14673429.0
2018-01-29,40986239.0,20456000.0,20456000.0,14673429.0
2018-01-30,40986081.0,20456000.0,20456000.0,14673429.0
2018-01-31,40987485.0,20456000.0,20456000.0,14673429.0
2018-02-01,40989158.0,20456000.0,20456000.0,14673429.0
2018-02-02,40988998.0,20456000.0,20456000.0,14673429.0
2018-02-05,40988516.0,20456000.0,20456000.0,14673429.0
2018-02-06,40988355.0,20456000.0,20456000.0,14673429.0
2018-02-07,40988194.0,20456000.0,20456000.0,14673429.0
2018-02-08,40989301.0,20456000.0,20456000.0,14673429.0
2018-02-09,20707660.0,14824327.0,14803170.0,14673429.0
2018-02-12,20712252.0,14981023.0,14803170.0,14673429.0
2018-02-13,20720080.0,14982037.0,14803170.0,14673429.0
2018-02-14,20707778.0,14982498.0,14803170.0,14673429.0
2018-02-15,20748916.0,14984393.0,14803170.0,14673429.0
2018-02-16,20798906.0,15018136.0,14803170.0,14673429.0
2018-02-20,20807901.0,15067670.0,14803170.0,14673429.0
2018-02-21,20801791.0,15068459.0,14803170.0,14673429.0
2018-02-22,20843913.0,15068302.0,14803170.0,14673429.0
2018-02-23,20859690.0,15110483.0,14803170.0,14673429.0
2018-02-26,20867516.0,15125266.0,14803170.0,14673429.0
2018-02-27,20876658.0,15126091.0,14803170.0,14673429.0
2018-02-28,20894624.0,15127328.0,14803170.0,14673429.0
2018-03-01,20914447.0,15150589.0,15150589.0,14673429.0
2018-03-02,20907645.0,15206809.0,15150589.0,14673429.0
2018-03-05,20912395.0,15207675.0,15150589.0,14673429.0
2018-03-06,20918359.0,15208406.0,15150589.0,14673429.0
2018-03-07,20919319.0,15208804.0,15150589.0,14673429.0
2018-03-08,20997381.0,15209278.0,15150589.0,14673429.0
2018-03-09,20997005.0,15282834.0,15150589.0,14673429.0
2018-03-12,21001892.0,15283143.0,15150589.0,14673429.0
2018-03-13,21012387.0,15284841.0,15150589.0,14673429.0
2018-03-14,20997711.0,15285268.0,15150589.0,14673429.0
2018-03-15,21071168.0,15285212.0,15150589.0,14673429.0
2018-03-16,21074110.0,15356368.0,15150589.0,14673429.0
2018-03-19,21084121.0,15357470.0,15150589.0,14673429.0
2018-03-20,21090006.0,15358185.0,15150589.0,14673429.0
2018-03-21,21072182.0,15358774.0,15150589.0,14673429.0
2018-03-22,21105312.0,15359115.0,15150589.0,14673429.0
2018-03-23,21108963.0,15389238.0,15150589.0,14673429.0
2018-03-26,21117744.0,15389677.0,15150589.0,14673429.0
2018-03-27,21124645.0,15390217.0,15150589.0,14673429.0
2018-03-28,21110656.0,15390844.0,15150589.0,14673429.0
2018-03-29,21154252.0,15391333.0,15150589.0,14673429.0
2018-03-30,21129762.0,15428255.0,15150589.0,14673429.0
2018-04-02,21159333.0,15428010.0,15428010.0,14673429.0
2018-04-03,21156835.0,15457245.0,15428010.0,14673429.0
2018-04-04,21157872.0,15458247.0,15428010.0,14673429.0
2018-04-05,21160789.0,15458648.0,15428010.0,14673429.0
2018-04-06,21160491.0,15456580.0,15428010.0,14673429.0
2018-04-09,21166814.0,15456890.0,15428010.0,14673429.0
2018-04-10,21174520.0,15457542.0,15428010.0,14673429.0
2018-04-11,21161455.0,15457815.0,15428010.0,14673429.0
2018-04-12,21102659.0,15457761.0,15428010.0,14673429.0
2018-04-13,21103500.0,15396110.0,15428010.0,14673429.0
2018-04-16,21110716.0,15396373.0,15428010.0,14673429.0
2018-04-17,21117945.0,15382519.0,15428010.0,14673429.0
2018-04-18,21119362.0,15382830.0,15428010.0,14673429.0
2018-04-19,21075603.0,15383526.0,15428010.0,14673429.0
2018-04-20,21078697.0,15341717.0,15428010.0,14673429.0
2018-04-23,21083008.0,15341935.0,15428010.0,14673429.0
2018-04-24,21101978.0,15341605.0,15428010.0,14673429.0
2018-04-25,21099078.0,15341957.0,15428010.0,14673429.0
2018-04-26,21096151.0,15343167.0,15428010.0,14673429.0
2018-04-27,21093908.0,15335203.0,15428010.0,14673429.0
2018-04-30,21108856.0,15335312.0,15428010.0,14673429.0
2018-05-01,21071178.0,15335128.0,15335128.0,14673429.0
2018-05-02,21085770.0,15333841.0,15335128.0,14673429.0
2018-05-03,21074743.0,15333905.0,15335128.0,14673429.0
2018-05-04,21078891.0,15331188.0,15335128.0,14673429.0
2018-05-07,21084769.0,15331483.0,15335128.0,14673429.0
2018-05-08,21095259.0,15332141.0,15335128.0,14673429.0
2018-05-09,21081392.0,15333104.0,15335128.0,14673429.0
2018-05-10,21091804.0,15333538.0,15335128.0,14673429.0
2018-05-11,21091512.0,15340545.0,15335128.0,14673429.0
2018-05-14,21094874.0,15340883.0,15335128.0,14673429.0
2018-05-15,21126195.0,15341597.0,15335128.0,14673429.0
2018-05-16,21114294.0,15365493.0,15335128.0,14673429.0
2018-05-17,21121842.0,15365901.0,15335128.0,14673429.0
2018-05-18,21121476.0,15372037.0,15335128.0,14673429.0
2018-05-21,21126429.0,15372216.0,15335128.0,14673429.0
2018-05-22,21135019.0,15372446.0,15335128.0,14673429.0
2018-05-23,21123222.0,15372576.0,15335128.0,14673429.0
2018-05-24,21128005.0,15372610.0,15335128.0,14673429.0
2018-05-25,21141516.0,15381629.0,15335128.0,14673429.0
2018-05-29,21143993.0,15397588.0,15335128.0,14673429.0
2018-05-30,21146515.0,15398398.0,15335128.0,14673429.0
2018-05-31,21186391.0,15398772.0,15335128.0,14673429.0
2018-06-01,21124163.0,15426913.0,15426913.0,14673429.0
2018-06-04,21131506.0,15424755.0,15426913.0,14673429.0
2018-06-05,21141962.0,15425287.0,15426913.0,14673429.0
2018-06-06,21142839.0,15425828.0,15426913.0,14673429.0
2018-06-07,21141196.0,15425885.0,15426913.0,14673429.0
2018-06-08,21130096.0,15419090.0,15426913.0,14673429.0
2018-06-11,21133568.0,15419575.0,15426913.0,14673429.0
2018-06-12,21140003.0,15420109.0,15426913.0,14673429.0
2018-06-13,21127194.0,15420381.0,15426913.0,14673429.0
2018-06-14,21121804.0,15420892.0,15426913.0,14673429.0
2018-06-15,21164746.0,15411280.0,15426913.0,14673429.0
2018-06-18,21172089.0,15452783.0,15426913.0,14673429.0
2018-06-19,21186196.0,15453290.0,15426913.0,14673429.0
2018-06-20,21174514.0,15453853.0,15426913.0,14673429.0
2018-06-21,21172309.0,15453997.0,15426913.0,14673429.0
2018-06-22,21171989.0,15450299.0,15426913.0,14673429.0
2018-06-25,21181088.0,15449506.0,15426913.0,14673429.0
2018-06-26,21190596.0,15449789.0,15426913.0,14673429.0
2018-06-27,21173265.0,15450004.0,15426913.0,14673429.0
2018-06-28,21170402.0,15449872.0,15426913.0,14673429.0
2018-06-29,21235052.0,15445345.0,15426913.0,14673429.0
2018-07-02,21246016.0,15466564.0,15466564.0,14673429.0
2018-07-03,21240574.0,15478026.0,15466564.0,14673429.0
2018-07-05,21242892.0,15479809.0,15466564.0,14673429.0
2018-07-06,21245960.0,15480335.0,15466564.0,14673429.0
2018-07-09,21247760.0,15480349.0,15466564.0,14673429.0
2018-07-10,21255924.0,15481266.0,15466564.0,14673429.0
2018-07-11,21247204.0,15481785.0,15466564.0,14673429.0
2018-07-12,21251189.0,15482230.0,15466564.0,14673429.0
2018-07-13,21250645.0,15483825.0,15466564.0,14673429.0
2018-07-16,21282907.0,15484167.0,15466564.0,14673429.0
2018-07-17,21294828.0,15512047.0,15466564.0,14673429.0
2018-07-18,21280158.0,15512500.0,15466564.0,14673429.0
2018-07-19,21300593.0,15512749.0,15466564.0,14673429.0
2018-07-20,21301124.0,15535664.0,15466564.0,14673429.0
2018-07-23,21303910.0,15535879.0,15466564.0,14673429.0
2018-07-24,21311227.0,15536461.0,15466564.0,14673429.0
2018-07-25,21305321.0,15536640.0,15466564.0,14673429.0
2018-07-26,21339180.0,15538269.0,15466564.0,14673429.0
2018-07-27,21338958.0,15565710.0,15466564.0,14673429.0
2018-07-30,21339389.0,15565835.0,15466564.0,14673429.0
2018-07-31,21353415.0,15566249.0,15466564.0,14673429.0
2018-08-01,21305072.0,15569493.0,15569493.0,14673429.0
2018-08-02,21354230.0,15566616.0,15569493.0,14673429.0
2018-08-03,21340706.0,15603785.0,15569493.0,14673429.0
2018-08-06,21345832.0,15603530.0,15569493.0,14673429.0
2018-08-07,21350243.0,15603767.0,15569493.0,14673429.0
2018-08-08,21338790.0,15603813.0,15569493.0,14673429.0
2018-08-09,21383089.0,15604133.0,15569493.0,14673429.0
2018-08-10,21381084.0,15645896.0,15569493.0,14673429.0
2018-08-13,21385476.0,15645938.0,15569493.0,14673429.0
2018-08-14,21391822.0,15647723.0,15569493.0,14673429.0
2018-08-15,21412456.0,15647844.0,15569493.0,14673429.0
2018-08-16,21448671.0,15673103.0,15569493.0,14673429.0
2018-08-17,21452720.0,15709903.0,15569493.0,14673429.0
2018-08-20,21454530.0,15709394.0,15569493.0,14673429.0
2018-08-21,21460288.0,15709291.0,15569493.0,14673429.0
2018-08-22,21447432.0,15709668.0,15569493.0,14673429.0
2018-08-23,21469359.0,15710916.0,15569493.0,14673429.0
2018-08-24,21469174.0,15729790.0,15569493.0,14673429.0
2018-08-27,21475359.0,15728711.0,15569493.0,14673429.0
2018-08-28,21482491.0,15728683.0,15569493.0,14673429.0
2018-08-29,21479995.0,15729417.0,15569493.0,14673429.0
2018-08-30,21483775.0,15729402.0,15569493.0,14673429.0
2018-08-31,21499743.0,15733949.0,15569493.0,14673429.0
2018-09-04,21495692.0,15785389.0,15785389.0,14673429.0
2018-09-05,21511273.0,15784224.0,15785389.0,14673429.0
2018-09-06,21495472.0,15784640.0,15785389.0,14673429.0
2018-09-07,21497228.0,15766688.0,15785389.0,14673429.0
2018-09-10,21500123.0,15766469.0,15785389.0,14673429.0
2018-09-11,21506435.0,15766124.0,15785389.0,14673429.0
2018-09-12,21490836.0,15765920.0,15785389.0,14673429.0
2018-09-13,21473917.0,15764644.0,15785389.0,14673429.0
2018-09-14,21473480.0,15743158.0,15785389.0,14673429.0
2018-09-17,21531710.0,15743000.0,15785389.0,14673429.0
2018-09-18,21539857.0,15791990.0,15785389.0,14673429.0
2018-09-19,21534847.0,15793118.0,15785389.0,14673429.0
2018-09-20,21508685.0,15793044.0,15785389.0,14673429.0
2018-09-21,21507816.0,15760417.0,15785389.0,14673429.0
2018-09-24,21516189.0,15761069.0,15785389.0,14673429.0
2018-09-25,21523308.0,15761156.0,15785389.0,14673429.0
2018-09-26,21511455.0,15761484.0,15785389.0,14673429.0
2018-09-27,21472968.0,15761091.0,15785389.0,14673429.0
2018-09-28,21557268.0,15732905.0,15785389.0,14673429.0
2018-10-01,21648021.0,15761155.0,15761155.0,15761155.0
2018-10-02,21659749.0,15771323.0,15761155.0,15761155.0
2018-10-03,21646163.0,15771880.0,15761155.0,15761155.0
2018-10-04,21640866.0,15771616.0,15761155.0,15761155.0
2018-10-05,21640645.0,15757097.0,15761155.0,15761155.0
2018-10-09,21643092.0,15756717.0,15761155.0,15761155.0
2018-10-10,21635108.0,15756517.0,15761155.0,15761155.0
2018-10-11,21632066.0,15757049.0,15761155.0,15761155.0
2018-10-12,21639856.0,15758218.0,15761155.0,15761155.0
2018-10-15,21695649.0,15758681.0,15761155.0,15761155.0
2018-10-16,21703078.0,15808043.0,15761155.0,15761155.0
2018-10-17,21695014.0,15808170.0,15761155.0,15761155.0
2018-10-18,21714419.0,15809609.0,15761155.0,15761155.0
2018-10-19,21713301.0,15825100.0,15761155.0,15761155.0
2018-10-22,21716086.0,15825176.0,15761155.0,15761155.0
2018-10-23,21723709.0,15824963.0,15761155.0,15761155.0
2018-10-24,21712184.0,15825729.0,15761155.0,15761155.0
2018-10-25,21737623.0,15826071.0,15761155.0,15761155.0
2018-10-26,21736637.0,15845223.0,15761155.0,15761155.0
2018-10-29,21738804.0,15845407.0,15761155.0,15761155.0
2018-10-30,21741142.0,15846152.0,15761155.0,15761155.0
2018-10-31,21743704.0,15846672.0,15761155.0,15761155.0
2018-11-01,21726066.0,15843329.0,15843329.0,15761155.0
2018-11-02,21718558.0,15863692.0,15843329.0,15761155.0
2018-11-05,21723889.0,15864356.0,15843329.0,15761155.0
2018-11-06,21732614.0,15864379.0,15843329.0,15761155.0
2018-11-07,21731665.0,15865072.0,15843329.0,15761155.0
2018-11-08,21776135.0,15864852.0,15843329.0,15761155.0
2018-11-09,21775131.0,15901257.0,15843329.0,15761155.0
2018-11-13,21776167.0,15901216.0,15843329.0,15761155.0
2018-11-14,21767529.0,15901578.0,15843329.0,15761155.0
2018-11-15,21806418.0,15901857.0,15843329.0,15761155.0
2018-11-16,21808812.0,15941678.0,15843329.0,15761155.0
2018-11-19,21814150.0,15941837.0,15843329.0,15761155.0
2018-11-20,21824546.0,15940719.0,15843329.0,15761155.0
2018-11-21,21810956.0,15941577.0,15843329.0,15761155.0
2018-11-23,21845096.0,15941660.0,15843329.0,15761155.0
2018-11-26,21853191.0,15966784.0,15843329.0,15761155.0
2018-11-27,21858017.0,15968042.0,15843329.0,15761155.0
2018-11-28,21843410.0,15968150.0,15843329.0,15761155.0
2018-11-29,21860310.0,15968009.0,15843329.0,15761155.0
2018-11-30,21891986.0,15985402.0,15843329.0,15761155.0
2018-12-03,21865521.0,16044318.0,16044318.0,15761155.0
2018-12-04,21877955.0,16041955.0,16044318.0,15761155.0
2018-12-05,21880157.0,16041646.0,16044318.0,15761155.0
2018-12-06,21894029.0,16041798.0,16044318.0,15761155.0
2018-12-07,21893196.0,16052955.0,16044318.0,15761155.0
2018-12-10,21896172.0,16053050.0,16044318.0,15761155.0
2018-12-11,21891646.0,16053118.0,16044318.0,15761155.0
2018-12-12,21878400.0,16048689.0,16044318.0,15761155.0
2018-12-13,21865365.0,16048946.0,16044318.0,15761155.0
2018-12-14,21863049.0,16033638.0,16044318.0,15761155.0
2018-12-17,21918312.0,16033761.0,16044318.0,15761155.0
2018-12-18,21927162.0,16086439.0,16044318.0,15761155.0
2018-12-19,21914696.0,16082126.0,16044318.0,15761155.0
2018-12-20,21905665.0,16082361.0,16044318.0,15761155.0
2018-12-21,21910816.0,16068046.0,16044318.0,15761155.0
2018-12-24,21903938.0,16068449.0,16044318.0,15761155.0
2018-12-26,21902576.0,16069487.0,16044318.0,15761155.0
2018-12-27,21887121.0,16064377.0,16044318.0,15761155.0
2018-12-28,21908956.0,16050098.0,16044318.0,15761155.0
2018-12-31,22014454.0,16068571.0,16044318.0,15761155.0
2019-01-02,21984122.0,16101667.0,16101667.0,15761155.0
2019-01-03,21970695.0,16099394.0,16101667.0,15761155.0
2019-01-04,21973244.0,16089742.0,16101667.0,15761155.0
2019-01-07,21976280.0,16089616.0,16101667.0,15761155.0
2019-01-08,21982265.0,16089279.0,16101667.0,15761155.0
2019-01-09,21970863.0,16089594.0,16101667.0,15761155.0
2019-01-10,21958801.0,16090155.0,16101667.0,15761155.0
2019-01-11,21958197.0,16075112.0,16101667.0,15761155.0
2019-01-14,21960556.0,16074863.0,16101667.0,15761155.0
2019-01-15,22010559.0,16074287.0,16101667.0,15761155.0
2019-01-16,22000841.0,16108759.0,16101667.0,15761155.0
2019-01-17,21995728.0,16109323.0,16101667.0,15761155.0
2019-01-18,21995697.0,16094255.0,16101667.0,15761155.0
2019-01-22,21993509.0,16094082.0,16101667.0,15761155.0
2019-01-23,21987985.0,16093083.0,16101667.0,15761155.0
2019-01-24,21982027.0,16093085.0,16101667.0,15761155.0
2019-01-25,21990860.0,16084129.0,16101667.0,15761155.0
2019-01-28,21995210.0,16084126.0,16101667.0,15761155.0
2019-01-29,22013519.0,16083264.0,16101667.0,15761155.0
2019-01-30,22008187.0,16093235.0,16101667.0,15761155.0
2019-01-31,22023667.0,16093082.0,16101667.0,15761155.0
2019-02-01,21962715.0,16101227.0,16101227.0,15761155.0
2019-02-04,21974096.0,16099196.0,16101227.0,15761155.0
2019-02-05,21997965.0,16098402.0,16101227.0,15761155.0
2019-02-06,21998070.0,16113412.0,16101227.0,15761155.0
2019-02-07,21996163.0,16113385.0,16101227.0,15761155.0
2019-02-08,21998647.0,16107965.0,16101227.0,15761155.0
2019-02-11,22053359.0,16107884.0,16101227.0,15761155.0
2019-02-12,22076345.0,16157240.0,16101227.0,15761155.0
2019-02-13,22060525.0,16172214.0,16101227.0,15761155.0
2019-02-14,22056612.0,16171729.0,16101227.0,15761155.0
2019-02-15,22066386.0,16165844.0,16101227.0,15761155.0
2019-02-19,22081068.0,16171035.0,16101227.0,15761155.0
2019-02-20,22079999.0,16185653.0,16101227.0,15761155.0
2019-02-21,22080116.0,16186327.0,16101227.0,15761155.0
2019-02-22,22104216.0,16183759.0,16101227.0,15761155.0
2019-02-25,22107256.0,16201577.0,16101227.0,15761155.0
2019-02-26,22130178.0,16200951.0,16101227.0,15761155.0
2019-02-27,22114369.0,16212364.0,16101227.0,15761155.0
2019-02-28,22156897.0,16211945.0,16101227.0,15761155.0
2019-03-01,22070211.0,16250898.0,16250898.0,15761155.0
2019-03-04,44056919.0,21987706.0,16250898.0,15761155.0
2019-03-05,44057075.0,21987706.0,16250898.0,15761155.0
2019-03-06,44056741.0,21987706.0,16250898.0,15761155.0
2019-03-07,44058129.0,21987706.0,16250898.0,15761155.0
2019-03-08,44057788.0,21987706.0,16250898.0,15761155.0
2019-03-11,44056769.0,21987706.0,16250898.0,15761155.0
2019-03-12,44056913.0,21987706.0,16250898.0,15761155.0
2019-03-13,44056571.0,21987706.0,16250898.0,15761155.0
2019-03-14,44057781.0,21987706.0,16250898.0,15761155.0
2019-03-15,44057437.0,21987706.0,16250898.0,15761155.0
2019-03-18,44056407.0,21987706.0,16250898.0,15761155.0
2019-03-19,44056551.0,21987706.0,16250898.0,15761155.0
2019-03-20,44056205.0,21987706.0,16250898.0,15761155.0
2019-03-21,44057411.0,21987706.0,16250898.0,15761155.0
2019-03-22,44057063.0,21987706.0,16250898.0,15761155.0
2019-03-25,44056023.0,21987706.0,16250898.0,15761155.0
2019-03-26,44056169.0,21987706.0,16250898.0,15761155.0
2019-03-27,44055821.0,21987706.0,16250898.0,15761155.0
2019-03-28,44058251.0,21987706.0,16250898.0,15761155.0
2019-03-29,44055786.0,21987706.0,16250898.0,15761155.0
2019-04-01,44055435.0,21987706.0,21987706.0,15761155.0
2019-04-02,44055533.0,21987706.0,21987706.0,15761155.0
2019-04-03,44055184.0,21987706.0,21987706.0,15761155.0
2019-04-04,44056321.0,21987706.0,21987706.0,15761155.0
2019-04-05,44055971.0,21987706.0,21987706.0,15761155.0
2019-04-08,44054924.0,21987706.0,21987706.0,15761155.0
2019-04-09,44055019.0,21987706.0,21987706.0,15761155.0
2019-04-10,44054671.0,21987706.0,21987706.0,15761155.0
2019-04-11,44055700.0,21987706.0,21987706.0,15761155.0
2019-04-12,44055355.0,21987706.0,21987706.0,15761155.0
2019-04-15,44054323.0,21987706.0,21987706.0,15761155.0
2019-04-16,44054421.0,21987706.0,21987706.0,15761155.0
2019-04-17,44054079.0,21987706.0,21987706.0,15761155.0
2019-04-18,44055111.0,21987706.0,21987706.0,15761155.0
2019-04-19,44054773.0,21987706.0,21987706.0,15761155.0
2019-04-22,44053757.0,21987706.0,21987706.0,15761155.0
2019-04-23,44053864.0,21987706.0,21987706.0,15761155.0
2019-04-24,44053526.0,21987706.0,21987706.0,15761155.0
2019-04-25,44055815.0,21987706.0,21987706.0,15761155.0
2019-04-26,44055476.0,21987706.0,21987706.0,15761155.0
2019-04-29,44054466.0,21987706.0,21987706.0,15761155.0
2019-04-30,44055362.0,21987706.0,21987706.0,15761155.0
2019-05-01,44055025.0,21987706.0,21987706.0,15761155.0
2019-05-02,44056030.0,21987706.0,21987706.0,15761155.0
2019-05-03,44055694.0,21987706.0,21987706.0,15761155.0
2019-05-06,44054687.0,21987706.0,21987706.0,15761155.0
2019-05-07,44054894.0,21987706.0,21987706.0,15761155.0
2019-05-08,44054555.0,21987706.0,21987706.0,15761155.0
2019-05-09,44055552.0,21987706.0,21987706.0,15761155.0
2019-05-10,44055215.0,21987706.0,21987706.0,15761155.0
2019-05-13,44054202.0,21987706.0,21987706.0,15761155.0
2019-05-14,44054311.0,21987706.0,21987706.0,15761155.0
2019-05-15,44053973.0,21987706.0,21987706.0,15761155.0
2019-05-16,44054959.0,21987706.0,21987706.0,15761155.0
2019-05-17,44054622.0,21987706.0,21987706.0,15761155.0
2019-05-20,44053614.0,21987706.0,21987706.0,15761155.0
2019-05-21,44053719.0,21987706.0,21987706.0,15761155.0
2019-05-22,44053384.0,21987706.0,21987706.0,15761155.0
2019-05-23,44055524.0,21987706.0,21987706.0,15761155.0
2019-05-24,44055190.0,21987706.0,21987706.0,15761155.0
2019-05-28,44054271.0,21987706.0,21987706.0,15761155.0
2019-05-29,44053938.0,21987706.0,21987706.0,15761155.0
2019-05-30,44054874.0,21987706.0,21987706.0,15761155.0
2019-05-31,44052873.0,21987706.0,21987706.0,15761155.0
2019-06-03,44051880.0,21987706.0,21987706.0,15761155.0
2019-06-04,44051948.0,21987706.0,21987706.0,15761155.0
2019-06-05,44051619.0,21987706.0,21987706.0,15761155.0
2019-06-06,44052528.0,21987706.0,21987706.0,15761155.0
2019-06-07,44052201.0,21987706.0,21987706.0,15761155.0
2019-06-10,44051220.0,21987706.0,21987706.0,15761155.0
2019-06-11,44051286.0,21987706.0,21987706.0,15761155.0
2019-06-12,44050960.0,21987706.0,21987706.0,15761155.0
2019-06-13,44051821.0,21987706.0,21987706.0,15761155.0
2019-06-14,44051500.0,21987706.0,21987706.0,15761155.0
2019-06-17,44050540.0,21987706.0,21987706.0,15761155.0
2019-06-18,44050596.0,21987706.0,21987706.0,15761155.0
2019-06-19,44050278.0,21987706.0,21987706.0,15761155.0
2019-06-20,44052174.0,21987706.0,21987706.0,15761155.0
2019-06-21,44051857.0,21987706.0,21987706.0,15761155.0
2019-06-24,44050914.0,21987706.0,21987706.0,15761155.0
2019-06-25,44050961.0,21987706.0,21987706.0,15761155.0
2019-06-26,44050648.0,21987706.0,21987706.0,15761155.0
2019-06-27,44051452.0,21987706.0,21987706.0,15761155.0
2019-06-28,44046591.0,21987706.0,21987706.0,15761155.0
2019-07-01,44046279.0,21987706.0,21987706.0,15761155.0
2019-07-02,44046334.0,21987706.0,21987706.0,15761155.0
2019-07-03,44046025.0,21987706.0,21987706.0,15761155.0
2019-07-05,44046530.0,21987706.0,21987706.0,15761155.0
2019-07-08,44045610.0,21987706.0,21987706.0,15761155.0
2019-07-09,44045676.0,21987706.0,21987706.0,15761155.0
2019-07-10,44045369.0,21987706.0,21987706.0,15761155.0
2019-07-11,44046221.0,21987706.0,21987706.0,15761155.0
2019-07-12,44045917.0,21987706.0,21987706.0,15761155.0
2019-07-15,44045003.0,21987706.0,21987706.0,15761155.0
2019-07-16,44045047.0,21987706.0,21987706.0,15761155.0
2019-07-17,44044744.0,21987706.0,21987706.0,15761155.0
2019-07-18,44046564.0,21987706.0,21987706.0,15761155.0
2019-07-19,44046265.0,21987706.0,21987706.0,15761155.0
2019-07-22,44045363.0,21987706.0,21987706.0,15761155.0
2019-07-23,44045408.0,21987706.0,21987706.0,15761155.0
2019-07-24,44045109.0,21987706.0,21987706.0,15761155.0
2019-07-25,44045913.0,21987706.0,21987706.0,15761155.0
2019-07-26,44045617.0,21987706.0,21987706.0,15761155.0
2019-07-29,44044727.0,21987706.0,21987706.0,15761155.0
2019-07-30,44044779.0,21987706.0,21987706.0,15761155.0
2019-07-31,44044763.0,21987706.0,21987706.0,15761155.0
2019-08-01,44045585.0,21987706.0,21987706.0,15761155.0
2019-08-02,22349346.0,16246630.0,16211185.0,15761155.0
2019-08-05,22355584.0,16440632.0,16211185.0,15761155.0
2019-08-06,22357035.0,16442053.0,16211185.0,15761155.0
2019-08-07,22356015.0,16437555.0,16211185.0,15761155.0
2019-08-08,22362795.0,16437000.0,16211185.0,15761155.0
2019-08-09,22361266.0,16437454.0,16211185.0,15761155.0
2019-08-12,22365652.0,16437181.0,16211185.0,15761155.0
2019-08-13,22393709.0,16437390.0,16211185.0,15761155.0
2019-08-14,22376371.0,16457659.0,16211185.0,15761155.0
2019-08-15,22420589.0,16457201.0,16211185.0,15761155.0
2019-08-16,22424616.0,16491484.0,16211185.0,15761155.0
2019-08-19,22430960.0,16491442.0,16211185.0,15761155.0
2019-08-20,22462679.0,16491490.0,16211185.0,15761155.0
2019-08-21,22449127.0,16516851.0,16211185.0,15761155.0
2019-08-22,22465640.0,16517891.0,16211185.0,15761155.0
2019-08-23,22465649.0,16531723.0,16211185.0,15761155.0
2019-08-26,22475181.0,16531958.0,16211185.0,15761155.0
2019-08-27,22506823.0,16532087.0,16211185.0,15761155.0
2019-08-28,22491147.0,16557144.0,16211185.0,15761155.0
2019-08-29,22502575.0,16557511.0,16211185.0,15761155.0
2019-08-30,22493389.0,16570397.0,16211185.0,15761155.0
2019-09-03,22531718.0,16596816.0,16596816.0,15761155.0
2019-09-04,22549837.0,16660284.0,16596816.0,15761155.0
2019-09-05,22564815.0,16660541.0,16596816.0,15761155.0
2019-09-06,22565605.0,16673310.0,16596816.0,15761155.0
2019-09-09,22569824.0,16673415.0,16596816.0,15761155.0
2019-09-10,22590600.0,16673860.0,16596816.0,15761155.0
2019-09-11,22571816.0,16684840.0,16596816.0,15761155.0
2019-09-12,22591040.0,16684921.0,16596816.0,15761155.0
2019-09-13,22590682.0,16700409.0,16596816.0,15761155.0
2019-09-16,22618945.0,16700775.0,16596816.0,15761155.0
2019-09-17,22635655.0,16720462.0,16596816.0,15761155.0
2019-09-18,22622730.0,16722769.0,16596816.0,15761155.0
2019-09-19,22643235.0,16723191.0,16596816.0,15761155.0
2019-09-20,22638525.0,16736458.0,16596816.0,15761155.0
2019-09-23,22642907.0,16736742.0,16596816.0,15761155.0
2019-09-24,22655268.0,16737257.0,16596816.0,15761155.0
2019-09-25,22639780.0,16733330.0,16596816.0,15761155.0
2019-09-26,22642775.0,16733464.0,16596816.0,15761155.0
2019-09-27,22655356.0,16746339.0,16596816.0,15761155.0
2019-09-30,22752186.0,16764390.0,16596816.0,15761155.0
2019-10-01,22831300.0,16809092.0,16809092.0,16809092.0
2019-10-02,22872964.0,16803227.0,16809092.0,16809092.0
2019-10-03,22875328.0,16804268.0,16809092.0,16809092.0
2019-10-04,22880156.0,16818109.0,16809092.0,16809092.0
2019-10-07,22882192.0,16817670.0,16809092.0,16809092.0
2019-10-08,22884662.0,16817662.0,16809092.0,16809092.0
2019-10-09,22869023.0,16808700.0,16809092.0,16809092.0
2019-10-10,22888771.0,16808686.0,16809092.0,16809092.0
2019-10-11,22889496.0,16825549.0,16809092.0,16809092.0
2019-10-15,22948364.0,16825473.0,16809092.0,16809092.0
2019-10-16,22943146.0,16875490.0,16809092.0,16809092.0
2019-10-17,22964516.0,16876992.0,16809092.0,16809092.0
2019-10-18,22964472.0,16893172.0,16809092.0,16809092.0
2019-10-21,22967609.0,16893139.0,16809092.0,16809092.0
2019-10-22,22986128.0,16892962.0,16809092.0,16809092.0
2019-10-23,22971650.0,16903297.0,16809092.0,16809092.0
2019-10-24,22988591.0,16904659.0,16809092.0,16809092.0
2019-10-25,22994202.0,16919309.0,16809092.0,16809092.0
2019-10-28,22995405.0,16919261.0,16809092.0,16809092.0
2019-10-29,23011224.0,16919472.0,16809092.0,16809092.0
2019-10-30,23007989.0,16930794.0,16809092.0,16809092.0
2019-10-31,23055069.0,16931770.0,16809092.0,16809092.0
2019-11-01,22999743.0,16981311.0,16981311.0,16809092.0
2019-11-04,23011805.0,16979126.0,16981311.0,16809092.0
2019-11-05,23032136.0,16979203.0,16981311.0,16809092.0
2019-11-06,23031815.0,16990131.0,16981311.0,16809092.0
2019-11-07,23050805.0,16990346.0,16981311.0,16809092.0
2019-11-08,23052980.0,17004656.0,16981311.0,16809092.0
2019-11-12,23061340.0,17004584.0,16981311.0,16809092.0
2019-11-13,23050970.0,17009767.0,16981311.0,16809092.0
2019-11-14,23063156.0,17009936.0,16981311.0,16809092.0
2019-11-15,23090037.0,17022143.0,16981311.0,16809092.0
2019-11-18,23096724.0,17045105.0,16981311.0,16809092.0
2019-11-19,23112143.0,17045852.0,16981311.0,16809092.0
2019-11-20,23099250.0,17048355.0,16981311.0,16809092.0
2019-11-21,23097443.0,17050292.0,16981311.0,16809092.0
2019-11-22,23117903.0,17059143.0,16981311.0,16809092.0
2019-11-25,23118383.0,17059821.0,16981311.0,16809092.0
2019-11-26,23138873.0,17060306.0,16981311.0,16809092.0
2019-11-27,23121613.0,17071257.0,16981311.0,16809092.0
2019-11-29,23121826.0,17072351.0,16981311.0,16809092.0
2019-12-02,23150333.0,17105421.0,17105421.0,16809092.0
2019-12-03,23133638.0,17133902.0,17105421.0,16809092.0
2019-12-04,23135148.0,17122442.0,17105421.0,16809092.0
2019-12-05,23137087.0,17123729.0,17105421.0,16809092.0
2019-12-06,23135870.0,17122609.0,17105421.0,16809092.0
2019-12-09,23142408.0,17123207.0,17105421.0,16809092.0
2019-12-10,23128515.0,17123397.0,17105421.0,16809092.0
2019-12-11,23114693.0,17104590.0,17105421.0,16809092.0
2019-12-12,23099319.0,17105931.0,17105421.0,16809092.0
2019-12-13,23095913.0,17088777.0,17105421.0,16809092.0
2019-12-16,23153267.0,17088790.0,17105421.0,16809092.0
2019-12-17,23156567.0,17141625.0,17105421.0,16809092.0
2019-12-18,23144528.0,17130346.0,17105421.0,16809092.0
2019-12-19,23132875.0,17132698.0,17105421.0,16809092.0
2019-12-20,23131850.0,17131574.0,17105421.0,16809092.0
2019-12-23,23158964.0,17131414.0,17105421.0,16809092.0
2019-12-24,23124773.0,17132275.0,17105421.0,16809092.0
2019-12-26,23132320.0,17116045.0,17105421.0,16809092.0
2019-12-27,23152642.0,17114922.0,17105421.0,16809092.0
2019-12-30,23153325.0,17133180.0,17105421.0,16809092.0
2019-12-31,23247060.0,17133688.0,17105421.0,16809092.0
2020-01-02,23218283.0,17170442.0,17170442.0,16809092.0
2020-01-03,23216607.0,17162410.0,17170442.0,16809092.0
2020-01-06,23222937.0,17163322.0,17170442.0,16809092.0
2020-01-07,23222735.0,17164653.0,17170442.0,16809092.0
2020-01-08,23208424.0,17156739.0,17170442.0,16809092.0
2020-01-09,23213890.0,17157849.0,17170442.0,16809092.0
2020-01-10,23213023.0,17156951.0,17170442.0,16809092.0
2020-01-13,23215320.0,17156730.0,17170442.0,16809092.0
2020-01-14,23214523.0,17156747.0,17170442.0,16809092.0
2020-01-15,23239489.0,17147213.0,17170442.0,16809092.0
2020-01-16,23250078.0,17178182.0,17170442.0,16809092.0
2020-01-17,23256851.0,17181121.0,17170442.0,16809092.0
2020-01-21,23255688.0,17181335.0,17170442.0,16809092.0
2020-01-22,23250371.0,17177049.0,17170442.0,16809092.0
2020-01-23,23252087.0,17176915.0,17170442.0,16809092.0
2020-01-24,23255061.0,17176162.0,17170442.0,16809092.0
2020-01-27,23267355.0,17176424.0,17170442.0,16809092.0
2020-01-28,23288955.0,17176269.0,17170442.0,16809092.0
2020-01-29,23289997.0,17188354.0,17170442.0,16809092.0
2020-01-30,23297233.0,17188840.0,17170442.0,16809092.0
2020-01-31,23266822.0,17194273.0,17170442.0,16809092.0
2020-02-03,23248533.0,17212635.0,17212635.0,16809092.0
2020-02-04,23288373.0,17210561.0,17212635.0,16809092.0
2020-02-05,23289093.0,17231339.0,17212635.0,16809092.0
2020-02-06,23295859.0,17231852.0,17212635.0,16809092.0
2020-02-07,23293851.0,17233617.0,17212635.0,16809092.0
2020-02-10,23298819.0,17233861.0,17212635.0,16809092.0
2020-02-11,23332858.0,17233671.0,17212635.0,16809092.0
2020-02-12,23316502.0,17259765.0,17212635.0,16809092.0
2020-02-13,23348139.0,17259686.0,17212635.0,16809092.0
2020-02-14,23347532.0,17288291.0,17212635.0,16809092.0
2020-02-18,23393428.0,17288288.0,17212635.0,16809092.0
2020-02-19,23395509.0,17325065.0,17212635.0,16809092.0
2020-02-20,23435280.0,17325696.0,17212635.0,16809092.0
2020-02-21,23440592.0,17364594.0,17212635.0,16809092.0
2020-02-24,23448500.0,17365453.0,17212635.0,16809092.0
2020-02-25,23481060.0,17365322.0,17212635.0,16809092.0
2020-02-26,23468700.0,17389167.0,17212635.0,16809092.0
2020-02-27,23465488.0,17389166.0,17212635.0,16809092.0
2020-02-28,23449785.0,17387810.0,17212635.0,16809092.0
2020-03-02,23480425.0,17413050.0,17413050.0,16809092.0
2020-03-03,23494438.0,17445650.0,17413050.0,16809092.0
2020-03-04,23500100.0,17458614.0,17413050.0,16809092.0
2020-03-05,23508883.0,17463942.0,17413050.0,16809092.0
2020-03-06,23508268.0,17469371.0,17413050.0,16809092.0
2020-03-09,23512771.0,17470002.0,17413050.0,16809092.0
2020-03-10,23537905.0,17470244.0,17413050.0,16809092.0
2020-03-11,23522132.0,17484258.0,17413050.0,16809092.0
2020-03-12,23479007.0,17484870.0,17413050.0,16809092.0
2020-03-13,23481365.0,17438473.0,17413050.0,16809092.0
2020-03-16,23539376.0,17441349.0,17413050.0,16809092.0
2020-03-17,23566630.0,17495252.0,17413050.0,16809092.0
2020-03-18,23552013.0,17506100.0,17413050.0,16809092.0
2020-03-19,23554057.0,17506639.0,17413050.0,16809092.0
2020-03-20,23552821.0,17505933.0,17413050.0,16809092.0
2020-03-23,23555809.0,17506353.0,17413050.0,16809092.0
2020-03-24,23589435.0,17507401.0,17413050.0,16809092.0
2020-03-25,23580265.0,17530593.0,17413050.0,16809092.0
2020-03-26,23552526.0,17530772.0,17413050.0,16809092.0
2020-03-27,23572663.0,17535603.0,17413050.0,16809092.0
2020-03-30,23602375.0,17553232.0,17413050.0,16809092.0
2020-03-31,23719564.0,17554731.0,17413050.0,16809092.0
2020-04-01,23734863.0,17674771.0,17674771.0,16809092.0
2020-04-02,23866389.0,17719078.0,17674771.0,16809092.0
2020-04-03,23940816.0,17834239.0,17674771.0,16809092.0
2020-04-06,23949416.0,17918595.0,17674771.0,16809092.0
2020-04-07,24043673.0,17919267.0,17674771.0,16809092.0
2020-04-08,24143909.0,18004963.0,17674771.0,16809092.0
2020-04-09,24253770.0,18110327.0,17674771.0,16809092.0
2020-04-10,24243087.0,18230731.0,17674771.0,16809092.0
2020-04-13,24224840.0,18230748.0,17674771.0,16809092.0
2020-04-14,24333530.0,18230751.0,17674771.0,16809092.0
2020-04-15,24415624.0,18338501.0,17674771.0,16809092.0
2020-04-16,24497055.0,18441034.0,17674771.0,16809092.0
2020-04-17,24489613.0,18524301.0,17674771.0,16809092.0
2020-04-20,24492302.0,18523734.0,17674771.0,16809092.0
2020-04-21,24598243.0,18523661.0,17674771.0,16809092.0
2020-04-22,24640664.0,18621943.0,17674771.0,16809092.0
2020-04-23,24736522.0,18686805.0,17674771.0,16809092.0
2020-04-24,24741917.0,18777829.0,17674771.0,16809092.0
2020-04-27,24743357.0,18778402.0,17674771.0,16809092.0
2020-04-28,24833449.0,18778813.0,17674771.0,16809092.0
2020-04-29,24885019.0,18869904.0,17674771.0,16809092.0
2020-04-30,25004200.0,18926928.0,17674771.0,16809092.0
2020-05-01,24951280.0,19053619.0,19053619.0,16809092.0
2020-05-04,24978715.0,19053597.0,19053619.0,16809092.0
2020-05-05,25087627.0,19053016.0,19053619.0,16809092.0
2020-05-06,25088158.0,19148573.0,19053619.0,16809092.0
2020-05-07,25172032.0,19148594.0,19053619.0,16809092.0
2020-05-08,25182667.0,19218562.0,19053619.0,16809092.0
2020-05-11,25186049.0,19219017.0,19053619.0,16809092.0
2020-05-12,25233764.0,19218864.0,19053619.0,16809092.0
2020-05-13,25218018.0,19260331.0,19053619.0,16809092.0
2020-05-14,25296848.0,19261307.0,19053619.0,16809092.0
2020-05-15,25334827.0,19340395.0,19053619.0,16809092.0
2020-05-18,25340421.0,19377052.0,19053619.0,16809092.0
2020-05-19,25406298.0,19376512.0,19053619.0,16809092.0
2020-05-20,25389949.0,19427688.0,19053619.0,16809092.0
2020-05-21,25495789.0,19429375.0,19053619.0,16809092.0
2020-05-22,25542285.0,19528470.0,19053619.0,16809092.0
2020-05-26,25632740.0,19568919.0,19053619.0,16809092.0
2020-05-27,25611845.0,19658296.0,19053619.0,16809092.0
2020-05-28,25712452.0,19658553.0,19053619.0,16809092.0
2020-05-29,25775957.0,19765841.0,19053619.0,16809092.0
2020-06-01,25781107.0,19812769.0,19812769.0,16809092.0
2020-06-02,25871243.0,19868880.0,19812769.0,16809092.0
2020-06-03,25859717.0,19948718.0,19812769.0,16809092.0
2020-06-04,25949721.0,19948603.0,19812769.0,16809092.0
2020-06-05,25949291.0,20031546.0,19812769.0,16809092.0
2020-06-08,25989949.0,20031294.0,19812769.0,16809092.0
2020-06-09,26033169.0,20061738.0,19812769.0,16809092.0
2020-06-10,26016288.0,20096761.0,19812769.0,16809092.0
2020-06-11,26092086.0,20096329.0,19812769.0,16809092.0
2020-06-12,26091776.0,20165904.0,19812769.0,16809092.0
2020-06-15,26160484.0,20166569.0,19812769.0,16809092.0
2020-06-16,26182817.0,20230458.0,19812769.0,16809092.0
2020-06-17,26173630.0,20241260.0,19812769.0,16809092.0
2020-06-18,26262956.0,20241117.0,19812769.0,16809092.0
2020-06-19,26269971.0,20327931.0,19812769.0,16809092.0
2020-06-22,26272904.0,20336113.0,19812769.0,16809092.0
2020-06-23,26280807.0,20335130.0,19812769.0,16809092.0
2020-06-24,26266831.0,20340264.0,19812769.0,16809092.0
2020-06-25,26330290.0,20340848.0,19812769.0,16809092.0
2020-06-26,26345924.0,20408678.0,19812769.0,16809092.0
2020-06-29,26353497.0,20428175.0,19812769.0,16809092.0
2020-06-30,26504018.0,20427662.0,19812769.0,16809092.0
2020-07-01,26455689.0,20530278.0,20530278.0,16809092.0
2020-07-02,26483841.0,20524314.0,20530278.0,16809092.0
2020-07-03,26474629.0,20559461.0,20530278.0,16809092.0
2020-07-06,26486902.0,20559307.0,20530278.0,16809092.0
2020-07-07,26487370.0,20558806.0,20530278.0,16809092.0
2020-07-08,26473229.0,20554746.0,20530278.0,16809092.0
2020-07-09,26514329.0,20556763.0,20530278.0,16809092.0
2020-07-10,26511555.0,20583806.0,20530278.0,16809092.0
2020-07-13,26514410.0,20583644.0,20530278.0,16809092.0
2020-07-14,26475949.0,20583462.0,20530278.0,16809092.0
2020-07-15,26511720.0,20539873.0,20530278.0,16809092.0
2020-07-16,26555602.0,20574381.0,20530278.0,16809092.0
2020-07-17,26558660.0,20611921.0,20530278.0,16809092.0
2020-07-20,26560269.0,20612220.0,20530278.0,16809092.0
2020-07-21,26532002.0,20612266.0,20530278.0,16809092.0
2020-07-22,26517859.0,20568775.0,20530278.0,16809092.0
2020-07-23,26565009.0,20571201.0,20530278.0,16809092.0
2020-07-24,26562880.0,20614085.0,20530278.0,16809092.0
2020-07-27,26572630.0,20613985.0,20530278.0,16809092.0
2020-07-28,26547481.0,20613829.0,20530278.0,16809092.0
2020-07-29,26546291.0,20584110.0,20530278.0,16809092.0
2020-07-30,26531222.0,20584415.0,20530278.0,16809092.0
2020-07-31,26549801.0,20571972.0,20530278.0,16809092.0
2020-08-03,26535866.0,20634400.0,20634400.0,16809092.0
2020-08-04,26527933.0,20631639.0,20634400.0,16809092.0
2020-08-05,26528951.0,20607116.0,20634400.0,16809092.0
2020-08-06,26522996.0,20608721.0,20634400.0,16809092.0
2020-08-07,26523054.0,20601228.0,20634400.0,16809092.0
2020-08-10,26529978.0,20601431.0,20634400.0,16809092.0
2020-08-11,26527627.0,20602396.0,20634400.0,16809092.0
2020-08-12,26513238.0,20593556.0,20634400.0,16809092.0
2020-08-13,26534206.0,20595620.0,20634400.0,16809092.0
2020-08-14,26533209.0,20614305.0,20634400.0,16809092.0
2020-08-17,26604192.0,20614743.0,20634400.0,16809092.0
2020-08-18,26619342.0,20675782.0,20634400.0,16809092.0
2020-08-19,26602427.0,20677341.0,20634400.0,16809092.0
2020-08-20,26619926.0,20677830.0,20634400.0,16809092.0
2020-08-21,26621298.0,20686048.0,20634400.0,16809092.0
2020-08-24,26624275.0,20686347.0,20634400.0,16809092.0
2020-08-25,26650450.0,20687039.0,20634400.0,16809092.0
2020-08-26,26633149.0,20698891.0,20634400.0,16809092.0
2020-08-27,26639800.0,20699216.0,20634400.0,16809092.0
2020-08-28,26661023.0,20706040.0,20634400.0,16809092.0
2020-08-31,26755215.0,20728399.0,20634400.0,16809092.0
2020-09-01,26729322.0,20822038.0,20822038.0,16809092.0
2020-09-02,26737823.0,20831829.0,20822038.0,16809092.0
2020-09-03,26749037.0,20832904.0,20822038.0,16809092.0
2020-09-04,26749636.0,20842648.0,20822038.0,16809092.0
2020-09-08,26725588.0,20843497.0,20822038.0,16809092.0
2020-09-09,26723402.0,20814037.0,20822038.0,16809092.0
2020-09-10,26735814.0,20818231.0,20822038.0,16809092.0
2020-09-11,26737110.0,20833992.0,20822038.0,16809092.0
2020-09-14,26741205.0,20834490.0,20822038.0,16809092.0
2020-09-15,26816631.0,20835331.0,20822038.0,16809092.0
2020-09-16,26807632.0,20899183.0,20822038.0,16809092.0
2020-09-17,26816569.0,20901067.0,20822038.0,16809092.0
2020-09-18,26816478.0,20902737.0,20822038.0,16809092.0
2020-09-21,26820658.0,20903124.0,20822038.0,16809092.0
2020-09-22,26816972.0,20903519.0,20822038.0,16809092.0
2020-09-23,26803754.0,20890404.0,20822038.0,16809092.0
2020-09-24,26812106.0,20890466.0,20822038.0,16809092.0
2020-09-25,26836839.0,20891109.0,20822038.0,16809092.0
2020-09-28,26837251.0,20913614.0,20822038.0,16809092.0
2020-09-29,26816244.0,20912956.0,20822038.0,16809092.0
2020-09-30,26970402.0,20903723.0,20822038.0,16809092.0
2020-10-01,27051956.0,21018952.0,21018952.0,21018952.0
2020-10-02,27069692.0,21015326.0,21018952.0,21018952.0
2020-10-05,27076039.0,21015385.0,21018952.0,21018952.0
2020-10-06,27077088.0,21016404.0,21018952.0,21018952.0
2020-10-07,27077861.0,21008381.0,21018952.0,21018952.0
2020-10-08,27098056.0,21010466.0,21018952.0,21018952.0
2020-10-09,27097599.0,21025422.0,21018952.0,21018952.0
2020-10-13,27091892.0,21025048.0,21018952.0,21018952.0
2020-10-14,27082652.0,21016870.0,21018952.0,21018952.0
2020-10-15,27168488.0,21017955.0,21018952.0,21018952.0
2020-10-16,27173123.0,21097401.0,21018952.0,21018952.0
2020-10-19,27182419.0,21097612.0,21018952.0,21018952.0
2020-10-20,27180017.0,21097983.0,21018952.0,21018952.0
2020-10-21,27165440.0,21089258.0,21018952.0,21018952.0
2020-10-22,27175544.0,21090454.0,21018952.0,21018952.0
2020-10-23,27188165.0,21084374.0,21018952.0,21018952.0
2020-10-26,27204590.0,21083992.0,21018952.0,21018952.0
2020-10-27,27200459.0,21083127.0,21018952.0,21018952.0
2020-10-28,27192001.0,21074341.0,21018952.0,21018952.0
2020-10-29,27194090.0,21076243.0,21018952.0,21018952.0
2020-10-30,27161765.0,21079776.0,21018952.0,21018952.0
2020-11-02,27229614.0,21096956.0,21096956.0,21018952.0
2020-11-03,27222803.0,21166249.0,21096956.0,21018952.0
2020-11-04,27223168.0,21158510.0,21096956.0,21018952.0
2020-11-05,27243270.0,21158958.0,21096956.0,21018952.0
2020-11-06,27240750.0,21172492.0,21096956.0,21018952.0
2020-11-09,27246073.0,21172132.0,21096956.0,21018952.0
2020-11-10,27223909.0,21173686.0,21096956.0,21018952.0
2020-11-12,27216355.0,21163145.0,21096956.0,21018952.0
2020-11-13,27217936.0,21157166.0,21096956.0,21018952.0
2020-11-16,27283766.0,21157220.0,21096956.0,21018952.0
2020-11-17,27288058.0,21217655.0,21096956.0,21018952.0
2020-11-18,27272638.0,21209228.0,21096956.0,21018952.0
2020-11-19,27274131.0,21209703.0,21096956.0,21018952.0
2020-11-20,27273218.0,21207842.0,21096956.0,21018952.0
2020-11-23,27280374.0,21207839.0,21096956.0,21018952.0
2020-11-24,27295971.0,21208013.0,21096956.0,21018952.0
2020-11-25,27280118.0,21198287.0,21096956.0,21018952.0
2020-11-27,27301538.0,21197640.0,21096956.0,21018952.0
2020-11-30,27472048.0,21218612.0,21096956.0,21018952.0
2020-12-01,27431833.0,21349472.0,21349472.0,21018952.0
2020-12-02,27438043.0,21342193.0,21349472.0,21018952.0
2020-12-03,27439905.0,21341926.0,21349472.0,21018952.0
2020-12-04,27439888.0,21356282.0,21349472.0,21018952.0
2020-12-07,27440439.0,21355693.0,21349472.0,21018952.0
2020-12-08,27448466.0,21354702.0,21349472.0,21018952.0
2020-12-09,27430744.0,21354421.0,21349472.0,21018952.0
2020-12-10,27411513.0,21354173.0,21349472.0,21018952.0
2020-12-11,27411086.0,21351416.0,21349472.0,21018952.0
2020-12-14,27416245.0,21351136.0,21349472.0,21018952.0
2020-12-15,27538348.0,21350932.0,21349472.0,21018952.0
2020-12-16,27526069.0,21448041.0,21349472.0,21018952.0
2020-12-17,27532471.0,21447891.0,21349472.0,21018952.0
2020-12-18,27517023.0,21446462.0,21349472.0,21018952.0
2020-12-21,27538389.0,21446525.0,21349472.0,21018952.0
2020-12-22,27547797.0,21447615.0,21349472.0,21018952.0
2020-12-23,27542183.0,21447826.0,21349472.0,21018952.0
2020-12-24,27540990.0,21448157.0,21349472.0,21018952.0
2020-12-28,27567919.0,21445028.0,21349472.0,21018952.0
2020-12-29,27576213.0,21468929.0,21349472.0,21018952.0
2020-12-30,27585866.0,21468461.0,21349472.0,21018952.0
2020-12-31,27774255.0,21468469.0,21349472.0,21018952.0
2021-01-04,27704637.0,21632419.0,21632419.0,21018952.0
2021-01-05,27724521.0,21593321.0,21632419.0,21018952.0
2021-01-06,27725326.0,21593997.0,21632419.0,21018952.0
2021-01-07,27709619.0,21595719.0,21632419.0,21018952.0
2021-01-08,27709391.0,21578760.0,21632419.0,21018952.0
2021-01-11,27714522.0,21578440.0,21632419.0,21018952.0
2021-01-12,27723067.0,21578170.0,21632419.0,21018952.0
2021-01-13,27705652.0,21578918.0,21632419.0,21018952.0
2021-01-14,27708508.0,21578677.0,21632419.0,21018952.0
2021-01-15,27773063.0,21578746.0,21632419.0,21018952.0
2021-01-19,27779029.0,21636517.0,21632419.0,21018952.0
2021-01-20,27778067.0,21636377.0,21632419.0,21018952.0
2021-01-21,27782552.0,21636824.0,21632419.0,21018952.0
2021-01-22,27785816.0,21637683.0,21632419.0,21018952.0
2021-01-25,27798465.0,21637423.0,21632419.0,21018952.0
2021-01-26,27807862.0,21637228.0,21632419.0,21018952.0
2021-01-27,27794564.0,21637252.0,21632419.0,21018952.0
2021-01-28,27786059.0,21637006.0,21632419.0,21018952.0
2021-01-29,27811915.0,21629077.0,21632419.0,21018952.0
2021-02-01,27856491.0,21643915.0,21643915.0,21018952.0
2021-02-02,27892571.0,21749185.0,21643915.0,21018952.0
2021-02-03,27878371.0,21749769.0,21643915.0,21018952.0
2021-02-04,27882433.0,21749199.0,21643915.0,21018952.0
2021-02-05,27880111.0,21749849.0,21643915.0,21018952.0
2021-02-08,27883326.0,21749422.0,21643915.0,21018952.0
2021-02-09,27892394.0,21748984.0,21643915.0,21018952.0
2021-02-10,27873873.0,21750064.0,21643915.0,21018952.0
2021-02-11,27874697.0,21749874.0,21643915.0,21018952.0
2021-02-12,27878546.0,21750216.0,21643915.0,21018952.0
2021-02-16,27947689.0,21750135.0,21643915.0,21018952.0
2021-02-17,27947361.0,21812095.0,21643915.0,21018952.0
2021-02-18,27949098.0,21813601.0,21643915.0,21018952.0
2021-02-19,27950380.0,21815156.0,21643915.0,21018952.0
2021-02-22,27957662.0,21815173.0,21643915.0,21018952.0
2021-02-23,27912713.0,21814986.0,21643915.0,21018952.0
2021-02-24,27946042.0,21760225.0,21643915.0,21018952.0
2021-02-25,27900194.0,21760562.0,21643915.0,21018952.0
2021-02-26,27933427.0,21720691.0,21643915.0,21018952.0
2021-03-01,28035422.0,21755737.0,21755737.0,21018952.0
2021-03-02,28023736.0,21892680.0,21755737.0,21018952.0
2021-03-03,28010500.0,21867121.0,21755737.0,21018952.0
2021-03-04,27986005.0,21868041.0,21755737.0,21018952.0
2021-03-05,27985480.0,21839666.0,21755737.0,21018952.0
2021-03-08,27991146.0,21839427.0,21755737.0,21018952.0
2021-03-09,27975699.0,21840833.0,21755737.0,21018952.0
2021-03-10,27957553.0,21816488.0,21755737.0,21018952.0
2021-03-11,27931352.0,21816186.0,21755737.0,21018952.0
2021-03-12,27931276.0,21786546.0,21755737.0,21018952.0
2021-03-15,28032878.0,21786193.0,21755737.0,21018952.0
2021-03-16,28014479.0,21884780.0,21755737.0,21018952.0
2021-03-17,28005761.0,21859708.0,21755737.0,21018952.0
2021-03-18,27997625.0,21860431.0,21755737.0,21018952.0
2021-03-19,27996482.0,21843029.0,21755737.0,21018952.0
2021-03-22,28000555.0,21842857.0,21755737.0,21018952.0
2021-03-23,28027121.0,21843202.0,21755737.0,21018952.0
2021-03-24,28010492.0,21839459.0,21755737.0,21018952.0
2021-03-25,27993908.0,21840451.0,21755737.0,21018952.0
2021-03-26,28018284.0,21816092.0,21755737.0,21018952.0
2021-03-29,28021548.0,21842176.0,21755737.0,21018952.0
2021-03-30,28019941.0,21842879.0,21755737.0,21018952.0
2021-03-31,28164579.0,21838638.0,21755737.0,21018952.0
2021-04-01,28113137.0,21986937.0,21986937.0,21018952.0
2021-04-02,28105734.0,21971262.0,21986937.0,21018952.0
2021-04-05,28113569.0,21971383.0,21986937.0,21018952.0
2021-04-06,28117548.0,21971847.0,21986937.0,21018952.0
2021-04-07,28121042.0,21967081.0,21986937.0,21018952.0
2021-04-08,28113433.0,21969176.0,21986937.0,21018952.0
2021-04-09,28114895.0,21955653.0,21986937.0,21018952.0
2021-04-12,28123495.0,21955507.0,21986937.0,21018952.0
2021-04-13,28129436.0,21956370.0,21986937.0,21018952.0
2021-04-14,28115431.0,21952365.0,21986937.0,21018952.0
2021-04-15,28176849.0,21952863.0,21986937.0,21018952.0
2021-04-16,28187357.0,21998736.0,21986937.0,21018952.0
2021-04-19,28199338.0,21998771.0,21986937.0,21018952.0
2021-04-20,28202190.0,21999763.0,21986937.0,21018952.0
2021-04-21,28186773.0,21985256.0,21986937.0,21018952.0
2021-04-22,28160747.0,21985230.0,21986937.0,21018952.0
2021-04-23,28165923.0,21957143.0,21986937.0,21018952.0
2021-04-26,28174727.0,21957478.0,21986937.0,21018952.0
2021-04-27,28163964.0,21957005.0,21986937.0,21018952.0
2021-04-28,28143661.0,21942657.0,21986937.0,21018952.0
2021-04-29,28121866.0,21943201.0,21986937.0,21018952.0
2021-04-30,28205846.0,21925659.0,21986937.0,21018952.0
2021-05-03,28193519.0,22056055.0,22056055.0,21018952.0
2021-05-04,28206481.0,22057631.0,22056055.0,21018952.0
2021-05-05,28208939.0,22042989.0,22056055.0,21018952.0
2021-05-06,28207374.0,22043397.0,22056055.0,21018952.0
2021-05-07,28205891.0,22019115.0,22056055.0,21018952.0
2021-05-10,28211753.0,22018251.0,22056055.0,21018952.0
2021-05-11,28203938.0,22019331.0,22056055.0,21018952.0
2021-05-12,28188156.0,22004657.0,22056055.0,21018952.0
2021-05-13,28169400.0,22005319.0,22056055.0,21018952.0
2021-05-14,28170818.0,21983348.0,22056055.0,21018952.0
2021-05-17,28264558.0,21983510.0,22056055.0,21018952.0
2021-05-18,28262847.0,22061106.0,22056055.0,21018952.0
2021-05-19,28248223.0,22042727.0,22056055.0,21018952.0
2021-05-20,28232721.0,22043406.0,22056055.0,21018952.0
2021-05-21,28234383.0,22023369.0,22056055.0,21018952.0
2021-05-24,28244535.0,22023189.0,22056055.0,21018952.0
2021-05-25,28235563.0,22024525.0,22056055.0,21018952.0
2021-05-26,28218596.0,22005338.0,22056055.0,21018952.0
2021-05-27,28194509.0,22005892.0,22056055.0,21018952.0
2021-05-28,28229767.0,21983687.0,22056055.0,21018952.0
2021-06-01,28292683.0,22020939.0,22020939.0,21018952.0
2021-06-02,28307628.0,22134003.0,22020939.0,21018952.0
2021-06-03,28272683.0,22135046.0,22020939.0,21018952.0
2021-06-04,28288906.0,22111555.0,22020939.0,21018952.0
2021-06-07,28295037.0,22112452.0,22020939.0,21018952.0
2021-06-08,28264226.0,22113630.0,22020939.0,21018952.0
2021-06-09,28248514.0,22119293.0,22020939.0,21018952.0
2021-06-10,28229601.0,22120189.0,22020939.0,21018952.0
2021-06-11,28229861.0,22097331.0,22020939.0,21018952.0
2021-06-14,28237617.0,22097494.0,22020939.0,21018952.0
2021-06-15,28352303.0,22098725.0,22020939.0,21018952.0
2021-06-16,28341688.0,22199582.0,22020939.0,21018952.0
2021-06-17,28326524.0,22200126.0,22020939.0,21018952.0
2021-06-18,28326594.0,22173892.0,22020939.0,21018952.0
2021-06-21,28334318.0,22174124.0,22020939.0,21018952.0
2021-06-22,28349278.0,22175170.0,22020939.0,21018952.0
2021-06-23,28335495.0,22180632.0,22020939.0,21018952.0
2021-06-24,28352519.0,22183393.0,22020939.0,21018952.0
2021-06-25,28367888.0,22187768.0,22020939.0,21018952.0
2021-06-28,28381799.0,22205688.0,22020939.0,21018952.0
2021-06-29,28362874.0,22206790.0,22020939.0,21018952.0
2021-06-30,28557343.0,22182683.0,22020939.0,21018952.0
2021-07-01,28514422.0,22329823.0,22329823.0,21018952.0
2021-07-02,28508502.0,22327776.0,22329823.0,21018952.0
2021-07-06,28493441.0,22328099.0,22329823.0,21018952.0
2021-07-07,28500335.0,22306604.0,22329823.0,21018952.0
2021-07-08,28508033.0,22306771.0,22329823.0,21018952.0
2021-07-09,28513364.0,22314776.0,22329823.0,21018952.0
2021-07-12,28518078.0,22315030.0,22329823.0,21018952.0
2021-07-13,28504906.0,22314724.0,22329823.0,21018952.0
2021-07-14,28488976.0,22289664.0,22329823.0,21018952.0
2021-07-15,28549991.0,22290774.0,22329823.0,21018952.0
2021-07-16,28550867.0,22345373.0,22329823.0,21018952.0
2021-07-19,28561039.0,22344307.0,22329823.0,21018952.0
2021-07-20,28521121.0,22344215.0,22329823.0,21018952.0
2021-07-21,28501967.0,22304036.0,22329823.0,21018952.0
2021-07-22,28499086.0,22303233.0,22329823.0,21018952.0
2021-07-23,28502744.0,22296154.0,22329823.0,21018952.0
2021-07-26,28516056.0,22299532.0,22329823.0,21018952.0
2021-07-27,28515666.0,22299753.0,22329823.0,21018952.0
2021-07-28,28511355.0,22289710.0,22329823.0,21018952.0
2021-07-29,28487896.0,22289102.0,22329823.0,21018952.0
2021-07-30,28454006.0,22267030.0,22329823.0,21018952.0
2021-08-02,56855422.0,28401463.0,28401463.0,21018952.0
2021-08-03,56855417.0,28401463.0,28401463.0,21018952.0
2021-08-04,56855394.0,28401463.0,28401463.0,21018952.0
2021-08-05,56855420.0,28401463.0,28401463.0,21018952.0
2021-08-06,56855397.0,28401463.0,28401463.0,21018952.0
2021-08-09,56855327.0,28401463.0,28401463.0,21018952.0
2021-08-10,56855323.0,28401463.0,28401463.0,21018952.0
2021-08-11,56855299.0,28401463.0,28401463.0,21018952.0
2021-08-12,56855383.0,28401463.0,28401463.0,21018952.0
2021-08-13,56855359.0,28401463.0,28401463.0,21018952.0
2021-08-16,56855290.0,28401463.0,28401463.0,21018952.0
2021-08-17,56855285.0,28401463.0,28401463.0,21018952.0
2021-08-18,56855261.0,28401463.0,28401463.0,21018952.0
2021-08-19,56855299.0,28401463.0,28401463.0,21018952.0
2021-08-20,56855275.0,28401463.0,28401463.0,21018952.0
2021-08-23,56855205.0,28401463.0,28401463.0,21018952.0
2021-08-24,56855198.0,28401463.0,28401463.0,21018952.0
2021-08-25,56855174.0,28401463.0,28401463.0,21018952.0
2021-08-26,56855203.0,28401463.0,28401463.0,21018952.0
2021-08-27,56855179.0,28401463.0,28401463.0,21018952.0
2021-08-30,56855108.0,28401463.0,28401463.0,21018952.0
2021-08-31,56854660.0,28401463.0,28401463.0,21018952.0
2021-09-01,56854636.0,28401463.0,28401463.0,21018952.0
2021-09-02,56854659.0,28401463.0,28401463.0,21018952.0
2021-09-03,56854635.0,28401463.0,28401463.0,21018952.0
2021-09-07,56854557.0,28401463.0,28401463.0,21018952.0
2021-09-08,56854532.0,28401463.0,28401463.0,21018952.0
2021-09-09,56854608.0,28401463.0,28401463.0,21018952.0
2021-09-10,56854585.0,28401463.0,28401463.0,21018952.0
2021-09-13,56854513.0,28401463.0,28401463.0,21018952.0
2021-09-14,56854507.0,28401463.0,28401463.0,21018952.0
2021-09-15,56854483.0,28401463.0,28401463.0,21018952.0
2021-09-16,56854495.0,28401463.0,28401463.0,21018952.0
2021-09-17,56854472.0,28401463.0,28401463.0,21018952.0
2021-09-20,56854400.0,28401463.0,28401463.0,21018952.0
2021-09-21,56854393.0,28401463.0,28401463.0,21018952.0
2021-09-22,56854369.0,28401463.0,28401463.0,21018952.0
2021-09-23,56854375.0,28401463.0,28401463.0,21018952.0
2021-09-24,56854352.0,28401463.0,28401463.0,21018952.0
2021-09-27,56854281.0,28401463.0,28401463.0,21018952.0
2021-09-28,56854268.0,28401463.0,28401463.0,21018952.0
2021-09-29,56854245.0,28401463.0,28401463.0,21018952.0
2021-09-30,56857862.0,28401463.0,28401463.0,21018952.0
2021-10-01,56857839.0,28401463.0,28401463.0,28401463.0
2021-10-04,56857769.0,28401463.0,28401463.0,28401463.0
2021-10-05,56857761.0,28401463.0,28401463.0,28401463.0
2021-10-06,56857737.0,28401463.0,28401463.0,28401463.0
2021-10-07,56857825.0,28401463.0,28401463.0,28401463.0
2021-10-08,56857801.0,28401463.0,28401463.0,28401463.0
2021-10-12,56857731.0,28401463.0,28401463.0,28401463.0
2021-10-13,56857713.0,28401463.0,28401463.0,28401463.0
2021-10-14,57637045.0,28401463.0,28401463.0,28401463.0
2021-10-15,57662944.0,28881463.0,28401463.0,28401463.0
2021-10-18,57730110.0,28881463.0,28401463.0,28401463.0
2021-10-19,57751322.0,28881463.0,28401463.0,28401463.0
2021-10-20,57737700.0,28881463.0,28401463.0,28401463.0
2021-10-21,57790071.0,28881463.0,28401463.0,28401463.0
2021-10-22,57817629.0,28881463.0,28401463.0,28401463.0
2021-10-25,57817559.0,28881463.0,28401463.0,28401463.0
2021-10-26,57817563.0,28881463.0,28401463.0,28401463.0
2021-10-27,57817539.0,28881463.0,28401463.0,28401463.0
2021-10-28,57817575.0,28881463.0,28401463.0,28401463.0
2021-10-29,57817557.0,28881463.0,28401463.0,28401463.0
2021-11-01,57817531.0,28881463.0,28881463.0,28401463.0
2021-11-02,57817535.0,28881463.0,28881463.0,28401463.0
2021-11-03,57817511.0,28881463.0,28881463.0,28401463.0
2021-11-04,57817666.0,28881463.0,28881463.0,28401463.0
2021-11-05,57817641.0,28881463.0,28881463.0,28401463.0
2021-11-08,57817568.0,28881463.0,28881463.0,28401463.0
2021-11-09,57817563.0,28881463.0,28881463.0,28401463.0
2021-11-10,57817539.0,28881463.0,28881463.0,28401463.0
2021-11-12,57817539.0,28881463.0,28881463.0,28401463.0
2021-11-15,57817465.0,28881463.0,28881463.0,28401463.0
2021-11-16,57817463.0,28881463.0,28881463.0,28401463.0
2021-11-17,57817439.0,28881463.0,28881463.0,28401463.0
2021-11-18,57817469.0,28881463.0,28881463.0,28401463.0
2021-11-19,57817444.0,28881463.0,28881463.0,28401463.0
2021-11-22,57817372.0,28881463.0,28881463.0,28401463.0
2021-11-23,57817375.0,28881463.0,28881463.0,28401463.0
2021-11-24,57817351.0,28881463.0,28881463.0,28401463.0
2021-11-26,57817369.0,28881463.0,28881463.0,28401463.0
2021-11-29,57817295.0,28881463.0,28881463.0,28401463.0
2021-11-30,57815999.0,28881463.0,28881463.0,28401463.0
2021-12-01,57815975.0,28881463.0,28881463.0,28401463.0
2021-12-02,57816213.0,28881463.0,28881463.0,28401463.0
2021-12-03,57816186.0,28881463.0,28881463.0,28401463.0
2021-12-06,57816111.0,28881463.0,28881463.0,28401463.0
2021-12-07,57816113.0,28881463.0,28881463.0,28401463.0
2021-12-08,57816088.0,28881463.0,28881463.0,28401463.0
2021-12-09,57816138.0,28881463.0,28881463.0,28401463.0
2021-12-10,57816113.0,28881463.0,28881463.0,28401463.0
2021-12-13,57816035.0,28881463.0,28881463.0,28401463.0
2021-12-14,57816035.0,28881463.0,28881463.0,28401463.0
2021-12-15,57816009.0,28881463.0,28881463.0,28401463.0
2021-12-16,60614332.0,31381463.0,28881463.0,28401463.0
2021-12-17,60627200.0,31381463.0,28881463.0,28401463.0
2021-12-20,60635235.0,31381463.0,28881463.0,28401463.0
2021-12-21,60731620.0,31381463.0,28881463.0,28401463.0
2021-12-22,60779118.0,31381463.0,28881463.0,28401463.0
2021-12-23,60772887.0,31381463.0,28881463.0,28401463.0
2021-12-24,60774515.0,31381463.0,28881463.0,28401463.0
2021-12-27,60800490.0,31381463.0,28881463.0,28401463.0
2021-12-28,60878198.0,31381463.0,28881463.0,28401463.0
2021-12-29,60881735.0,31381463.0,28881463.0,28401463.0
2021-12-30,60903003.0,31381463.0,28881463.0,28401463.0
2021-12-31,61025892.0,31381463.0,28881463.0,28401463.0
2022-01-03,60970551.0,31381463.0,31381463.0,28401463.0
2022-01-04,61093442.0,31381463.0,31381463.0,28401463.0
2022-01-05,61097344.0,31381463.0,31381463.0,28401463.0
2022-01-06,61119971.0,31381463.0,31381463.0,28401463.0
2022-01-07,61120890.0,31381463.0,31381463.0,28401463.0
2022-01-10,61129958.0,31381463.0,31381463.0,28401463.0
2022-01-11,61207340.0,31381463.0,31381463.0,28401463.0
2022-01-12,61190900.0,31381463.0,31381463.0,28401463.0
2022-01-13,61153081.0,31381463.0,31381463.0,28401463.0
2022-01-14,61153665.0,31381463.0,31381463.0,28401463.0
2022-01-18,61277469.0,31381463.0,31381463.0,28401463.0
2022-01-19,61259287.0,31381463.0,31381463.0,28401463.0
2022-01-20,61275809.0,31381463.0,31381463.0,28401463.0
2022-01-21,61281249.0,31381463.0,31381463.0,28401463.0
2022-01-24,61290002.0,31381463.0,31381463.0,28401463.0
2022-01-25,61331663.0,31381463.0,31381463.0,28401463.0
2022-01-26,61319764.0,31381463.0,31381463.0,28401463.0
2022-01-27,61333376.0,31381463.0,31381463.0,28401463.0
2022-01-28,61332635.0,31381463.0,31381463.0,28401463.0
2022-01-31,61423245.0,31381463.0,31381463.0,28401463.0
2022-02-01,61417593.0,31381463.0,31381463.0,28401463.0
2022-02-02,61414086.0,31381463.0,31381463.0,28401463.0
2022-02-03,61408390.0,31381463.0,31381463.0,28401463.0
2022-02-04,61411759.0,31381463.0,31381463.0,28401463.0
2022-02-07,61417527.0,31381463.0,31381463.0,28401463.0
2022-02-08,61455313.0,31381463.0,31381463.0,28401463.0
2022-02-09,61437301.0,31381463.0,31381463.0,28401463.0
2022-02-10,61447348.0,31381463.0,31381463.0,28401463.0
2022-02-11,61448715.0,31381463.0,31381463.0,28401463.0
2022-02-14,61451419.0,31381463.0,31381463.0,28401463.0
2022-02-15,61542898.0,31381463.0,31381463.0,28401463.0
2022-02-16,61528575.0,31381463.0,31381463.0,28401463.0
2022-02-17,61528002.0,31381463.0,31381463.0,28401463.0
2022-02-18,61548259.0,31381463.0,31381463.0,28401463.0
2022-02-22,61560988.0,31381463.0,31381463.0,28401463.0
2022-02-23,61559100.0,31381463.0,31381463.0,28401463.0
2022-02-24,61568780.0,31381463.0,31381463.0,28401463.0
2022-02-25,61593314.0,31381463.0,31381463.0,28401463.0
2022-02-28,61703718.0,31381463.0,31381463.0,28401463.0
2022-03-01,61653317.0,31381463.0,31381463.0,28401463.0
2022-03-02,61664995.0,31381463.0,31381463.0,28401463.0
2022-03-03,61659537.0,31381463.0,31381463.0,28401463.0
2022-03-04,61661685.0,31381463.0,31381463.0,28401463.0
2022-03-07,61669168.0,31381463.0,31381463.0,28401463.0
2022-03-08,61668679.0,31381463.0,31381463.0,28401463.0
2022-03-09,61652562.0,31381463.0,31381463.0,28401463.0
2022-03-10,61582915.0,31381463.0,31381463.0,28401463.0
2022-03-11,61585074.0,31381463.0,31381463.0,28401463.0
2022-03-14,61606378.0,31381463.0,31381463.0,28401463.0
2022-03-15,61683053.0,31381463.0,31381463.0,28401463.0
2022-03-16,61670651.0,31381463.0,31381463.0,28401463.0
2022-03-17,61695914.0,31381463.0,31381463.0,28401463.0
2022-03-18,61698472.0,31381463.0,31381463.0,28401463.0
2022-03-21,61706734.0,31381463.0,31381463.0,28401463.0
2022-03-22,61704906.0,31381463.0,31381463.0,28401463.0
2022-03-23,61692245.0,31381463.0,31381463.0,28401463.0
2022-03-24,61693297.0,31381463.0,31381463.0,28401463.0
2022-03-25,61725074.0,31381463.0,31381463.0,28401463.0
2022-03-28,61730911.0,31381463.0,31381463.0,28401463.0
2022-03-29,61710207.0,31381463.0,31381463.0,28401463.0
2022-03-30,61712235.0,31381463.0,31381463.0,28401463.0
2022-03-31,61818068.0,31381463.0,31381463.0,28401463.0
2022-04-01,61758797.0,31381463.0,31381463.0,28401463.0
2022-04-04,61777184.0,31381463.0,31381463.0,28401463.0
2022-04-05,61761762.0,31381463.0,31381463.0,28401463.0
2022-04-06,61763705.0,31381463.0,31381463.0,28401463.0
2022-04-07,61772896.0,31381463.0,31381463.0,28401463.0
2022-04-08,61775544.0,31381463.0,31381463.0,28401463.0
2022-04-11,61783305.0,31381463.0,31381463.0,28401463.0
2022-04-12,61770348.0,31381463.0,31381463.0,28401463.0
2022-04-13,61755135.0,31381463.0,31381463.0,28401463.0
2022-04-14,61765729.0,31381463.0,31381463.0,28401463.0
2022-04-15,61700752.0,31381463.0,31381463.0,28401463.0
2022-04-18,61838052.0,31381463.0,31381463.0,28401463.0
2022-04-19,61841525.0,31381463.0,31381463.0,28401463.0
2022-04-20,61826465.0,31381463.0,31381463.0,28401463.0
2022-04-21,61836424.0,31381463.0,31381463.0,28401463.0
2022-04-22,61839444.0,31381463.0,31381463.0,28401463.0
2022-04-25,61854983.0,31381463.0,31381463.0,28401463.0
2022-04-26,61848426.0,31381463.0,31381463.0,28401463.0
2022-04-27,61835033.0,31381463.0,31381463.0,28401463.0
2022-04-28,61821434.0,31381463.0,31381463.0,28401463.0
2022-04-29,61795877.0,31381463.0,31381463.0,28401463.0
2022-05-02,61824226.0,31381463.0,31381463.0,28401463.0
2022-05-03,61825104.0,31381463.0,31381463.0,28401463.0
2022-05-04,61831778.0,31381463.0,31381463.0,28401463.0
2022-05-05,61821359.0,31381463.0,31381463.0,28401463.0
2022-05-06,61827867.0,31381463.0,31381463.0,28401463.0
2022-05-09,61836496.0,31381463.0,31381463.0,28401463.0
2022-05-10,61835265.0,31381463.0,31381463.0,28401463.0
2022-05-11,61818129.0,31381463.0,31381463.0,28401463.0
2022-05-12,61804509.0,31381463.0,31381463.0,28401463.0
2022-05-13,61805470.0,31381463.0,31381463.0,28401463.0
2022-05-16,61868177.0,31381463.0,31381463.0,28401463.0
2022-05-17,61870990.0,31381463.0,31381463.0,28401463.0
2022-05-18,61855642.0,31381463.0,31381463.0,28401463.0
2022-05-19,61840559.0,31381463.0,31381463.0,28401463.0
2022-05-20,61839753.0,31381463.0,31381463.0,28401463.0
2022-05-23,61848247.0,31381463.0,31381463.0,28401463.0
2022-05-24,61859574.0,31381463.0,31381463.0,28401463.0
2022-05-25,61843942.0,31381463.0,31381463.0,28401463.0
2022-05-26,61825028.0,31381463.0,31381463.0,28401463.0
2022-05-27,61847857.0,31381463.0,31381463.0,28401463.0
2022-05-31,61922687.0,31381463.0,31381463.0,28401463.0
2022-06-01,61863968.0,31381463.0,31381463.0,28401463.0
2022-06-02,61849113.0,31381463.0,31381463.0,28401463.0
2022-06-03,61835923.0,31381463.0,31381463.0,28401463.0
2022-06-06,61844013.0,31381463.0,31381463.0,28401463.0
2022-06-07,61840846.0,31381463.0,31381463.0,28401463.0
2022-06-08,61839658.0,31381463.0,31381463.0,28401463.0
2022-06-09,61820416.0,31381463.0,31381463.0,28401463.0
2022-06-10,61819528.0,31381463.0,31381463.0,28401463.0
2022-06-13,61824532.0,31381463.0,31381463.0,28401463.0
2022-06-14,61825829.0,31381463.0,31381463.0,28401463.0
2022-06-15,61873796.0,31381463.0,31381463.0,28401463.0
2022-06-16,61861799.0,31381463.0,31381463.0,28401463.0
2022-06-17,61872787.0,31381463.0,31381463.0,28401463.0
2022-06-21,61869346.0,31381463.0,31381463.0,28401463.0
2022-06-22,61863337.0,31381463.0,31381463.0,28401463.0
2022-06-23,61847823.0,31381463.0,31381463.0,28401463.0
2022-06-24,61884542.0,31381463.0,31381463.0,28401463.0
2022-06-27,61890595.0,31381463.0,31381463.0,28401463.0
2022-06-28,61897959.0,31381463.0,31381463.0,28401463.0
2022-06-29,61897168.0,31381463.0,31381463.0,28401463.0
2022-06-30,61995376.0,31381463.0,31381463.0,28401463.0
2022-07-01,61913046.0,31381463.0,31381463.0,28401463.0
2022-07-05,61926546.0,31381463.0,31381463.0,28401463.0
2022-07-06,61950429.0,31381463.0,31381463.0,28401463.0
2022-07-07,61933653.0,31381463.0,31381463.0,28401463.0
2022-07-08,61935594.0,31381463.0,31381463.0,28401463.0
2022-07-11,61946252.0,31381463.0,31381463.0,28401463.0
2022-07-12,61952178.0,31381463.0,31381463.0,28401463.0
2022-07-13,61933930.0,31381463.0,31381463.0,28401463.0
2022-07-14,61921784.0,31381463.0,31381463.0,28401463.0
2022-07-15,61944236.0,31381463.0,31381463.0,28401463.0
2022-07-18,61952296.0,31381463.0,31381463.0,28401463.0
2022-07-19,61982574.0,31381463.0,31381463.0,28401463.0
2022-07-20,61960807.0,31381463.0,31381463.0,28401463.0
2022-07-21,61957334.0,31381463.0,31381463.0,28401463.0
2022-07-22,61959471.0,31381463.0,31381463.0,28401463.0
2022-07-25,61972743.0,31381463.0,31381463.0,28401463.0
2022-07-26,62027857.0,31381463.0,31381463.0,28401463.0
2022-07-27,62011081.0,31381463.0,31381463.0,28401463.0
2022-07-28,62011327.0,31381463.0,31381463.0,28401463.0
2022-07-29,62022717.0,31381463.0,31381463.0,28401463.0
2022-08-01,61963868.0,31381463.0,31381463.0,28401463.0
2022-08-02,62023823.0,31381463.0,31381463.0,28401463.0
2022-08-03,62008953.0,31381463.0,31381463.0,28401463.0
2022-08-04,62017208.0,31381463.0,31381463.0,28401463.0
2022-08-05,62017749.0,31381463.0,31381463.0,28401463.0
2022-08-08,62028905.0,31381463.0,31381463.0,28401463.0
2022-08-09,62080274.0,31381463.0,31381463.0,28401463.0
2022-08-10,62084686.0,31381463.0,31381463.0,28401463.0
2022-08-11,62090643.0,31381463.0,31381463.0,28401463.0
2022-08-12,62092108.0,31381463.0,31381463.0,28401463.0
2022-08-15,62125468.0,31381463.0,31381463.0,28401463.0
2022-08-16,62167021.0,31381463.0,31381463.0,28401463.0
2022-08-17,62154648.0,31381463.0,31381463.0,28401463.0
2022-08-18,62161116.0,31381463.0,31381463.0,28401463.0
2022-08-19,62162406.0,31381463.0,31381463.0,28401463.0
2022-08-22,62170742.0,31381463.0,31381463.0,28401463.0
2022-08-23,62208288.0,31381463.0,31381463.0,28401463.0
2022-08-24,62182487.0,31381463.0,31381463.0,28401463.0
2022-08-25,62256082.0,31381463.0,31381463.0,28401463.0
2022-08-26,62278492.0,31381463.0,31381463.0,28401463.0
2022-08-29,62283045.0,31381463.0,31381463.0,28401463.0
2022-08-30,62310406.0,31381463.0,31381463.0,28401463.0
2022-08-31,62369869.0,31381463.0,31381463.0,28401463.0
2022-09-01,62314162.0,31381463.0,31381463.0,28401463.0
2022-09-02,62306622.0,31381463.0,31381463.0,28401463.0
2022-09-06,62322250.0,31381463.0,31381463.0,28401463.0
2022-09-07,62332009.0,31381463.0,31381463.0,28401463.0
2022-09-08,62330525.0,31381463.0,31381463.0,28401463.0
2022-09-09,62330270.0,31381463.0,31381463.0,28401463.0
2022-09-12,62333701.0,31381463.0,31381463.0,28401463.0
2022-09-13,62338334.0,31381463.0,31381463.0,28401463.0
2022-09-14,62321507.0,31381463.0,31381463.0,28401463.0
2022-09-15,62323527.0,31381463.0,31381463.0,28401463.0
2022-09-16,62327059.0,31381463.0,31381463.0,28401463.0
2022-09-19,62336380.0,31381463.0,31381463.0,28401463.0
2022-09-20,62338239.0,31381463.0,31381463.0,28401463.0
2022-09-21,62322246.0,31381463.0,31381463.0,28401463.0
2022-09-22,62331859.0,31381463.0,31381463.0,28401463.0
2022-09-23,62336180.0,31381463.0,31381463.0,28401463.0
2022-09-26,62346312.0,31381463.0,31381463.0,28401463.0
2022-09-27,62342615.0,31381463.0,31381463.0,28401463.0
2022-09-28,62323547.0,31381463.0,31381463.0,28401463.0
2022-09-29,62308829.0,31381463.0,31381463.0,28401463.0
2022-09-30,62370028.0,31381463.0,31381463.0,28401463.0
2022-10-03,62564593.0,31381463.0,31381463.0,31381463.0
2022-10-04,62578166.0,31381463.0,31381463.0,31381463.0
2022-10-05,62583488.0,31381463.0,31381463.0,31381463.0
2022-10-06,62592727.0,31381463.0,31381463.0,31381463.0
2022-10-07,62592232.0,31381463.0,31381463.0,31381463.0
2022-10-11,62594632.0,31381463.0,31381463.0,31381463.0
2022-10-12,62586467.0,31381463.0,31381463.0,31381463.0
2022-10-13,62589010.0,31381463.0,31381463.0,31381463.0
2022-10-14,62592011.0,31381463.0,31381463.0,31381463.0
2022-10-17,62654397.0,31381463.0,31381463.0,31381463.0
2022-10-18,62682572.0,31381463.0,31381463.0,31381463.0
2022-10-19,62664866.0,31381463.0,31381463.0,31381463.0
2022-10-20,62671478.0,31381463.0,31381463.0,31381463.0
2022-10-21,62673011.0,31381463.0,31381463.0,31381463.0
2022-10-24,62673712.0,31381463.0,31381463.0,31381463.0
2022-10-25,62712056.0,31381463.0,31381463.0,31381463.0
2022-10-26,62696230.0,31381463.0,31381463.0,31381463.0
2022-10-27,62703180.0,31381463.0,31381463.0,31381463.0
2022-10-28,62701537.0,31381463.0,31381463.0,31381463.0
2022-10-31,62684326.0,31381463.0,31381463.0,31381463.0
2022-11-01,62658459.0,31381463.0,31381463.0,31381463.0
2022-11-02,62668264.0,31381463.0,31381463.0,31381463.0
2022-11-03,62668694.0,31381463.0,31381463.0,31381463.0
2022-11-04,62669564.0,31381463.0,31381463.0,31381463.0
2022-11-07,62672021.0,31381463.0,31381463.0,31381463.0
2022-11-08,62710812.0,31381463.0,31381463.0,31381463.0
2022-11-09,62692494.0,31381463.0,31381463.0,31381463.0
2022-11-10,62702350.0,31381463.0,31381463.0,31381463.0
2022-11-14,62704294.0,31381463.0,31381463.0,31381463.0
2022-11-15,62738792.0,31381463.0,31381463.0,31381463.0
2022-11-16,62721957.0,31381463.0,31381463.0,31381463.0
2022-11-17,62736974.0,31381463.0,31381463.0,31381463.0
2022-11-18,62734112.0,31381463.0,31381463.0,31381463.0
2022-11-21,62737742.0,31381463.0,31381463.0,31381463.0
2022-11-22,62799623.0,31381463.0,31381463.0,31381463.0
2022-11-23,62784841.0,31381463.0,31381463.0,31381463.0
2022-11-25,62819664.0,31381463.0,31381463.0,31381463.0
2022-11-28,62821621.0,31381463.0,31381463.0,31381463.0
2022-11-29,62825281.0,31381463.0,31381463.0,31381463.0
2022-11-30,62862460.0,31381463.0,31381463.0,31381463.0
2022-12-01,62815590.0,31381463.0,31381463.0,31381463.0
2022-12-02,62802130.0,31381463.0,31381463.0,31381463.0
2022-12-05,62803668.0,31381463.0,31381463.0,31381463.0
2022-12-06,62789974.0,31381463.0,31381463.0,31381463.0
2022-12-07,62786140.0,31381463.0,31381463.0,31381463.0
2022-12-08,62763234.0,31381463.0,31381463.0,31381463.0
2022-12-09,62763402.0,31381463.0,31381463.0,31381463.0
2022-12-12,62768612.0,31381463.0,31381463.0,31381463.0
2022-12-13,62755611.0,31381463.0,31381463.0,31381463.0
2022-12-14,62735402.0,31381463.0,31381463.0,31381463.0
2022-12-15,62772117.0,31381463.0,31381463.0,31381463.0
2022-12-16,62799234.0,31381463.0,31381463.0,31381463.0
2022-12-19,62806213.0,31381463.0,31381463.0,31381463.0
2022-12-20,62788229.0,31381463.0,31381463.0,31381463.0
2022-12-21,62770666.0,31381463.0,31381463.0,31381463.0
2022-12-22,62779894.0,31381463.0,31381463.0,31381463.0
2022-12-23,62797987.0,31381463.0,31381463.0,31381463.0
2022-12-27,62787444.0,31381463.0,31381463.0,31381463.0
2022-12-28,62775410.0,31381463.0,31381463.0,31381463.0
2022-12-29,62780547.0,31381463.0,31381463.0,31381463.0
2022-12-30,62873531.0,31381463.0,31381463.0,31381463.0
2023-01-03,62804792.0,31381463.0,31381463.0,31381463.0
2023-01-04,62828760.0,31381463.0,31381463.0,31381463.0
2023-01-05,62834995.0,31381463.0,31381463.0,31381463.0
2023-01-06,62839729.0,31381463.0,31381463.0,31381463.0
2023-01-09,62841964.0,31381463.0,31381463.0,31381463.0
2023-01-10,62848793.0,31381463.0,31381463.0,31381463.0
2023-01-11,62828400.0,31381463.0,31381463.0,31381463.0
2023-01-12,62839027.0,31381463.0,31381463.0,31381463.0
2023-01-13,62838929.0,31381463.0,31381463.0,31381463.0
2023-01-17,62870407.0,31381463.0,31381463.0,31381463.0
2023-01-18,62867915.0,31381463.0,31381463.0,31381463.0
2023-01-19,62910834.0,31381463.0,31381463.0,31381463.0
2023-01-20,62909986.0,31381463.0,31381463.0,31381463.0
2023-01-23,62907438.0,31381463.0,31381463.0,31381463.0
2023-01-24,62909721.0,31381463.0,31381463.0,31381463.0
2023-01-25,62908842.0,31381463.0,31381463.0,31381463.0
2023-01-26,62915418.0,31381463.0,31381463.0,31381463.0
2023-01-27,62914520.0,31381463.0,31381463.0,31381463.0
2023-01-30,62911831.0,31381463.0,31381463.0,31381463.0
2023-01-31,62909991.0,31381463.0,31381463.0,31381463.0
2023-02-01,62909077.0,31381463.0,31381463.0,31381463.0
2023-02-02,62912350.0,31381463.0,31381463.0,31381463.0
2023-02-03,62911427.0,31381463.0,31381463.0,31381463.0
2023-02-06,62908659.0,31381463.0,31381463.0,31381463.0
2023-02-07,62910240.0,31381463.0,31381463.0,31381463.0
2023-02-08,62909300.0,31381463.0,31381463.0,31381463.0
2023-02-09,62912468.0,31381463.0,31381463.0,31381463.0
2023-02-10,62911520.0,31381463.0,31381463.0,31381463.0
2023-02-13,62908676.0,31381463.0,31381463.0,31381463.0
2023-02-14,62910265.0,31381463.0,31381463.0,31381463.0
2023-02-15,62909777.0,31381463.0,31381463.0,31381463.0
2023-02-16,62913135.0,31381463.0,31381463.0,31381463.0
2023-02-17,62912159.0,31381463.0,31381463.0,31381463.0
2023-02-21,62910844.0,31381463.0,31381463.0,31381463.0
2023-02-22,62909859.0,31381463.0,31381463.0,31381463.0
2023-02-23,62916713.0,31381463.0,31381463.0,31381463.0
2023-02-24,62915727.0,31381463.0,31381463.0,31381463.0
2023-02-27,62912767.0,31381463.0,31381463.0,31381463.0
2023-02-28,62918608.0,31381463.0,31381463.0,31381463.0
2023-03-01,62918179.0,31381463.0,31381463.0,31381463.0
2023-03-02,62921423.0,31381463.0,31381463.0,31381463.0
2023-03-03,62920423.0,31381463.0,31381463.0,31381463.0
2023-03-06,62917423.0,31381463.0,31381463.0,31381463.0
2023-03-07,62919045.0,31381463.0,31381463.0,31381463.0
2023-03-08,62918037.0,31381463.0,31381463.0,31381463.0
2023-03-09,62921083.0,31381463.0,31381463.0,31381463.0
2023-03-10,62920083.0,31381463.0,31381463.0,31381463.0
2023-03-13,62917085.0,31381463.0,31381463.0,31381463.0
2023-03-14,62918624.0,31381463.0,31381463.0,31381463.0
2023-03-15,62917623.0,31381463.0,31381463.0,31381463.0
2023-03-16,62920538.0,31381463.0,31381463.0,31381463.0
2023-03-17,62919534.0,31381463.0,31381463.0,31381463.0
2023-03-20,62916520.0,31381463.0,31381463.0,31381463.0
2023-03-21,62917781.0,31381463.0,31381463.0,31381463.0
2023-03-22,62916783.0,31381463.0,31381463.0,31381463.0
2023-03-23,62922605.0,31381463.0,31381463.0,31381463.0
2023-03-24,62921595.0,31381463.0,31381463.0,31381463.0
2023-03-27,62918566.0,31381463.0,31381463.0,31381463.0
2023-03-28,62919816.0,31381463.0,31381463.0,31381463.0
2023-03-29,62918814.0,31381463.0,31381463.0,31381463.0
2023-03-30,62921861.0,31381463.0,31381463.0,31381463.0
2023-03-31,62916901.0,31381463.0,31381463.0,31381463.0
2023-04-03,62914349.0,31381463.0,31381463.0,31381463.0
2023-04-04,62915653.0,31381463.0,31381463.0,31381463.0
2023-04-05,62914631.0,31381463.0,31381463.0,31381463.0
2023-04-06,62917695.0,31381463.0,31381463.0,31381463.0
2023-04-07,62916673.0,31381463.0,31381463.0,31381463.0
2023-04-10,62913609.0,31381463.0,31381463.0,31381463.0
2023-04-11,62914903.0,31381463.0,31381463.0,31381463.0
2023-04-12,62913885.0,31381463.0,31381463.0,31381463.0
2023-04-13,62917007.0,31381463.0,31381463.0,31381463.0
2023-04-14,62915983.0,31381463.0,31381463.0,31381463.0
2023-04-17,62912916.0,31381463.0,31381463.0,31381463.0
2023-04-18,62914265.0,31381463.0,31381463.0,31381463.0
2023-04-19,62913254.0,31381463.0,31381463.0,31381463.0
2023-04-20,62919983.0,31381463.0,31381463.0,31381463.0
2023-04-21,62918963.0,31381463.0,31381463.0,31381463.0
2023-04-24,62915905.0,31381463.0,31381463.0,31381463.0
2023-04-25,62917067.0,31381463.0,31381463.0,31381463.0
2023-04-26,62916054.0,31381463.0,31381463.0,31381463.0
2023-04-27,62919264.0,31381463.0,31381463.0,31381463.0
2023-04-28,62915655.0,31381463.0,31381463.0,31381463.0
2023-05-01,62914823.0,31381463.0,31381463.0,31381463.0
2023-05-02,62916019.0,31381463.0,31381463.0,31381463.0
2023-05-03,62914999.0,31381463.0,31381463.0,31381463.0
2023-05-04,62918609.0,31381463.0,31381463.0,31381463.0
2023-05-05,62917575.0,31381463.0,31381463.0,31381463.0
2023-05-08,62914473.0,31381463.0,31381463.0,31381463.0
2023-05-09,62915905.0,31381463.0,31381463.0,31381463.0
2023-05-10,62914869.0,31381463.0,31381463.0,31381463.0
2023-05-11,62918128.0,31381463.0,31381463.0,31381463.0
2023-05-12,62917089.0,31381463.0,31381463.0,31381463.0
2023-05-15,62914239.0,31381463.0,31381463.0,31381463.0
2023-05-16,62917141.0,31381463.0,31381463.0,31381463.0
2023-05-17,62916095.0,31381463.0,31381463.0,31381463.0
2023-05-18,62925378.0,31381463.0,31381463.0,31381463.0
2023-05-19,62924319.0,31381463.0,31381463.0,31381463.0
2023-05-22,62921144.0,31381463.0,31381463.0,31381463.0
2023-05-23,62924334.0,31381463.0,31381463.0,31381463.0
2023-05-24,62923263.0,31381463.0,31381463.0,31381463.0
2023-05-25,62930990.0,31381463.0,31381463.0,31381463.0
2023-05-26,62929909.0,31381463.0,31381463.0,31381463.0
2023-05-30,62928003.0,31381463.0,31381463.0,31381463.0
2023-05-31,62928939.0,31381463.0,31381463.0,31381463.0
2023-06-01,62935304.0,31381463.0,31381463.0,31381463.0
2023-06-02,62934225.0,31381463.0,31381463.0,31381463.0
2023-06-05,31909952.0,24702383.0,31381463.0,31381463.0
2023-06-06,31941233.0,25032143.0,31381463.0,31381463.0
2023-06-07,31941694.0,25047398.0,31381463.0,31381463.0
2023-06-08,32007903.0,25047345.0,31381463.0,31381463.0
2023-06-09,32007226.0,25067557.0,31381463.0,31381463.0
2023-06-12,32010657.0,25067360.0,31381463.0,31381463.0
2023-06-13,32060545.0,25068366.0,31381463.0,31381463.0
2023-06-14,32039125.0,25103112.0,31381463.0,31381463.0
2023-06-15,32128118.0,25102753.0,31381463.0,31381463.0
2023-06-16,32132640.0,25178341.0,31381463.0,31381463.0
2023-06-20,32192664.0,25178190.0,31381463.0,31381463.0
2023-06-21,32182615.0,25228859.0,31381463.0,31381463.0
2023-06-22,32257640.0,25229448.0,31381463.0,31381463.0
2023-06-23,32260967.0,25300473.0,31381463.0,31381463.0
2023-06-26,32281922.0,25300770.0,31381463.0,31381463.0
2023-06-27,32354187.0,25301525.0,31381463.0,31381463.0
2023-06-28,32333949.0,25361695.0,31381463.0,31381463.0
2023-06-29,32406983.0,25361830.0,31381463.0,31381463.0
2023-06-30,32420242.0,25430243.0,31381463.0,31381463.0
2023-07-03,32407432.0,25461998.0,25461998.0,31381463.0
2023-07-05,32489008.0,25459085.0,25461998.0,31381463.0
2023-07-06,32563572.0,25519177.0,25461998.0,31381463.0
2023-07-07,32566076.0,25589897.0,25461998.0,31381463.0
2023-07-10,32567708.0,25589710.0,25461998.0,31381463.0
2023-07-11,32626013.0,25588803.0,25461998.0,31381463.0
2023-07-12,32605295.0,25633782.0,25461998.0,31381463.0
2023-07-13,32633605.0,25633821.0,25461998.0,31381463.0
2023-07-14,32633040.0,25653458.0,25461998.0,31381463.0
2023-07-17,32623681.0,25653573.0,25461998.0,31381463.0
2023-07-18,32680540.0,25640128.0,25461998.0,31381463.0
2023-07-19,32658863.0,25679321.0,25461998.0,31381463.0
2023-07-20,32683414.0,25679253.0,25461998.0,31381463.0
2023-07-21,32683487.0,25696347.0,25461998.0,31381463.0
2023-07-24,32686304.0,25696711.0,25461998.0,31381463.0
2023-07-25,32740690.0,25696797.0,25461998.0,31381463.0
2023-07-26,32723644.0,25731318.0,25461998.0,31381463.0
2023-07-27,32750411.0,25731547.0,25461998.0,31381463.0
2023-07-28,32747478.0,25753140.0,25461998.0,31381463.0
2023-07-31,32697532.0,25752739.0,25461998.0,31381463.0
2023-08-01,32677448.0,25708799.0,25708799.0,31381463.0
2023-08-02,32688551.0,25740123.0,25708799.0,31381463.0
2023-08-03,32695868.0,25740356.0,25708799.0,31381463.0
2023-08-04,32694002.0,25759288.0,25708799.0,31381463.0
2023-08-07,32700111.0,25758852.0,25708799.0,31381463.0
2023-08-08,32733864.0,25759017.0,25708799.0,31381463.0
2023-08-09,32709970.0,25778440.0,25708799.0,31381463.0
2023-08-10,32751724.0,25778305.0,25708799.0,31381463.0
2023-08-11,32751574.0,25812225.0,25708799.0,31381463.0
2023-08-14,32754407.0,25812095.0,25708799.0,31381463.0
2023-08-15,32771827.0,25812733.0,25708799.0,31381463.0
2023-08-16,32753150.0,25814345.0,25708799.0,31381463.0
2023-08-17,32797781.0,25814898.0,25708799.0,31381463.0
2023-08-18,32797797.0,25850475.0,25708799.0,31381463.0
2023-08-21,32801895.0,25850891.0,25708799.0,31381463.0
2023-08-22,32851662.0,25851338.0,25708799.0,31381463.0
2023-08-23,32832014.0,25886490.0,25708799.0,31381463.0
2023-08-24,32871986.0,25886300.0,25708799.0,31381463.0
2023-08-25,32903611.0,25922115.0,25708799.0,31381463.0
2023-08-28,32905673.0,25946515.0,25708799.0,31381463.0
2023-08-29,32948775.0,25947218.0,25708799.0,31381463.0
2023-08-30,32946045.0,25982709.0,25708799.0,31381463.0
2023-08-31,33009236.0,25982664.0,25708799.0,31381463.0
2023-09-01,32936065.0,26044051.0,26044051.0,31381463.0
2023-09-05,32984091.0,26044508.0,26044051.0,31381463.0
2023-09-06,32995845.0,26077618.0,26044051.0,31381463.0
2023-09-07,33032868.0,26077581.0,26044051.0,31381463.0
2023-09-08,33037136.0,26108845.0,26044051.0,31381463.0
2023-09-11,33034879.0,26109081.0,26044051.0,31381463.0
2023-09-12,33075228.0,26109190.0,26044051.0,31381463.0
2023-09-13,33054065.0,26140258.0,26044051.0,31381463.0
2023-09-14,33085477.0,26140788.0,26044051.0,31381463.0
2023-09-15,33140951.0,26166758.0,26044051.0,31381463.0
2023-09-18,33147790.0,26214468.0,26044051.0,31381463.0
2023-09-19,33186730.0,26214775.0,26044051.0,31381463.0
2023-09-20,33164936.0,26234340.0,26044051.0,31381463.0
2023-09-21,33196771.0,26234127.0,26044051.0,31381463.0
2023-09-22,33197570.0,26256884.0,26044051.0,31381463.0
2023-09-25,33205388.0,26257564.0,26044051.0,31381463.0
2023-09-26,33240778.0,26257541.0,26044051.0,31381463.0
2023-09-27,33220520.0,26275119.0,26044051.0,31381463.0
2023-09-28,33222391.0,26274996.0,26044051.0,31381463.0
2023-09-29,33264192.0,26289027.0,26044051.0,31381463.0
2023-10-02,33546370.0,26330142.0,26330142.0,26330142.0
2023-10-03,33586453.0,26339003.0,26330142.0,26330142.0
2023-10-04,33588737.0,26367059.0,26330142.0,26330142.0
2023-10-05,33629154.0,26366947.0,26330142.0,26330142.0
2023-10-06,33625827.0,26401336.0,26330142.0,26330142.0
2023-10-10,33664123.0,26402295.0,26330142.0,26330142.0
2023-10-11,33650238.0,26436036.0,26330142.0,26330142.0
2023-10-12,33638760.0,26436717.0,26330142.0,26330142.0
2023-10-13,33644038.0,26427019.0,26330142.0,26330142.0
2023-10-16,33702862.0,26426738.0,26330142.0,26330142.0
2023-10-17,33762566.0,26474358.0,26330142.0,26330142.0
2023-10-18,33742275.0,26514682.0,26330142.0,26330142.0
2023-10-19,33742738.0,26514600.0,26330142.0,26330142.0
2023-10-20,33742282.0,26514791.0,26330142.0,26330142.0
2023-10-23,33748641.0,26514641.0,26330142.0,26330142.0
2023-10-24,33798156.0,26515455.0,26330142.0,26330142.0
2023-10-25,33786548.0,26555329.0,26330142.0,26330142.0
2023-10-26,33791785.0,26555587.0,26330142.0,26330142.0
2023-10-27,33790603.0,26555584.0,26330142.0,26330142.0
2023-10-30,33788077.0,26555922.0,26330142.0,26330142.0
2023-10-31,33815660.0,26556167.0,26330142.0,26330142.0
2023-11-01,33753238.0,26576222.0,26576222.0,26330142.0
2023-11-02,33814927.0,26575013.0,26576222.0,26330142.0
2023-11-03,33797600.0,26630282.0,26576222.0,26330142.0
2023-11-06,33802913.0,26630035.0,26576222.0,26330142.0
2023-11-07,33841769.0,26630879.0,26576222.0,26330142.0
2023-11-08,33822345.0,26660759.0,26576222.0,26330142.0
2023-11-09,33821217.0,26661887.0,26576222.0,26330142.0
2023-11-10,33820216.0,26656287.0,26576222.0,26330142.0
2023-11-13,33821596.0,26656297.0,26576222.0,26330142.0
2023-11-14,33859269.0,26656511.0,26576222.0,26330142.0
2023-11-15,33820490.0,26682674.0,26576222.0,26330142.0
2023-11-16,33860555.0,26660732.0,26576222.0,26330142.0
2023-11-17,33865750.0,26692309.0,26576222.0,26330142.0
2023-11-20,33867287.0,26692228.0,26576222.0,26330142.0
2023-11-21,33905192.0,26692446.0,26576222.0,26330142.0
2023-11-22,33884303.0,26718585.0,26576222.0,26330142.0
2023-11-24,33946957.0,26720115.0,26576222.0,26330142.0
2023-11-27,33953864.0,26771331.0,26576222.0,26330142.0
2023-11-28,33970186.0,26771781.0,26576222.0,26330142.0
2023-11-29,33966702.0,26777703.0,26576222.0,26330142.0
2023-11-30,33996304.0,26777711.0,26576222.0,26330142.0
2023-12-01,33919673.0,26843822.0,26843822.0,26330142.0
2023-12-04,33929104.0,26841899.0,26843822.0,26330142.0
2023-12-05,33933986.0,26842269.0,26843822.0,26330142.0
2023-12-06,33932885.0,26836499.0,26843822.0,26330142.0
2023-12-07,33950015.0,26836217.0,26843822.0,26330142.0
2023-12-08,33963729.0,26846003.0,26843822.0,26330142.0
2023-12-11,33966378.0,26845548.0,26843822.0,26330142.0
2023-12-12,33966298.0,26845481.0,26843822.0,26330142.0
2023-12-13,33942352.0,26833040.0,26843822.0,26330142.0
2023-12-14,33956978.0,26831255.0,26843822.0,26330142.0
2023-12-15,33999586.0,26839408.0,26843822.0,26330142.0
2023-12-18,34004516.0,26884830.0,26843822.0,26330142.0
2023-12-19,34006475.0,26884939.0,26843822.0,26330142.0
2023-12-20,33984050.0,26869396.0,26843822.0,26330142.0
2023-12-21,34003569.0,26870589.0,26843822.0,26330142.0
2023-12-22,34016087.0,26881280.0,26843822.0,26330142.0
2023-12-26,34019160.0,26880796.0,26843822.0,26330142.0
2023-12-27,34008935.0,26876125.0,26843822.0,26330142.0
2023-12-28,34028630.0,26876335.0,26843822.0,26330142.0
2023-12-29,34112622.0,26891920.0,26843822.0,26330142.0
2024-01-02,34101633.0,26938518.0,26938518.0,26330142.0
2024-01-03,34104889.0,26966334.0,26938518.0,26330142.0
2024-01-04,34119442.0,26967954.0,26938518.0,26330142.0
2024-01-05,34122025.0,26976929.0,26938518.0,26330142.0
2024-01-08,34122025.0,26976084.0,26938518.0,26330142.0
2024-01-09,34135724.0,26973940.0,26938518.0,26330142.0
2024-01-10,34112552.0,26974750.0,26938518.0,26330142.0
2024-01-11,34171093.0,26974363.0,26938518.0,26330142.0
2024-01-12,34169899.0,26985019.0,26938518.0,26330142.0
2024-01-16,34171898.0,26984681.0,26938518.0,26330142.0
2024-01-17,34169672.0,26977086.0,26938518.0,26330142.0
2024-01-18,34181858.0,26977279.0,26938518.0,26330142.0
2024-01-19,34183463.0,26986541.0,26938518.0,26330142.0
2024-01-22,34185280.0,26985839.0,26938518.0,26330142.0
2024-01-23,34219200.0,26985255.0,26938518.0,26330142.0
2024-01-24,34197357.0,27003770.0,26938518.0,26330142.0
2024-01-25,34249333.0,27002946.0,26938518.0,26330142.0
2024-01-26,34248417.0,27031896.0,26938518.0,26330142.0
2024-01-29,34248902.0,27031564.0,26938518.0,26330142.0
2024-01-30,34284561.0,27031269.0,26938518.0,26330142.0
2024-01-31,34303565.0,27058248.0,26938518.0,26330142.0
2024-02-01,34270170.0,27071862.0,27071862.0,26330142.0
2024-02-02,34261652.0,27096146.0,27071862.0,26330142.0
2024-02-05,34265727.0,27095217.0,27071862.0,26330142.0
2024-02-06,34309628.0,27095044.0,27071862.0,26330142.0
2024-02-07,34309803.0,27125822.0,27071862.0,26330142.0
2024-02-08,34343603.0,27125625.0,27071862.0,26330142.0
2024-02-09,34342225.0,27150017.0,27071862.0,26330142.0
2024-02-12,34342259.0,27149917.0,27071862.0,26330142.0
2024-02-13,34381845.0,27148945.0,27071862.0,26330142.0
2024-02-14,34357238.0,27177925.0,27071862.0,26330142.0
2024-02-15,34381346.0,27178011.0,27071862.0,26330142.0
2024-02-16,34381652.0,27184526.0,27071862.0,26330142.0
2024-02-20,34418259.0,27183667.0,27071862.0,26330142.0
2024-02-21,34410039.0,27208869.0,27071862.0,26330142.0
2024-02-22,34449308.0,27209149.0,27071862.0,26330142.0
2024-02-23,34484629.0,27242557.0,27071862.0,26330142.0
2024-02-26,34490133.0,27270278.0,27071862.0,26330142.0
2024-02-27,34520320.0,27270274.0,27071862.0,26330142.0
2024-02-28,34496393.0,27290139.0,27071862.0,26330142.0
2024-02-29,34589522.0,27290151.0,27071862.0,26330142.0
2024-03-01,34510967.0,27380290.0,27380290.0,26330142.0
2024-03-04,34525967.0,27378941.0,27380290.0,26330142.0
2024-03-05,34555317.0,27379506.0,27380290.0,26330142.0
2024-03-06,34556321.0,27394922.0,27380290.0,26330142.0
2024-03-07,34579375.0,27395073.0,27380290.0,26330142.0
2024-03-08,34582146.0,27409658.0,27380290.0,26330142.0
2024-03-11,34585929.0,27410398.0,27380290.0,26330142.0
2024-03-12,34612935.0,27411563.0,27380290.0,26330142.0
2024-03-13,34590724.0,27424260.0,27380290.0,26330142.0
2024-03-14,34603546.0,27424591.0,27380290.0,26330142.0
2024-03-15,34659281.0,27434194.0,27380290.0,26330142.0
2024-03-18,34665157.0,27486685.0,27380290.0,26330142.0
2024-03-19,34697379.0,27486890.0,27380290.0,26330142.0
2024-03-20,34675365.0,27495560.0,27380290.0,26330142.0
2024-03-21,34697159.0,27495311.0,27380290.0,26330142.0
2024-03-22,34700361.0,27511235.0,27380290.0,26330142.0
2024-03-25,34713770.0,27511504.0,27380290.0,26330142.0
2024-03-26,34711167.0,27512574.0,27380290.0,26330142.0
2024-03-27,34689093.0,27500757.0,27380290.0,26330142.0
2024-03-28,34696841.0,27503290.0,27380290.0,26330142.0
2024-03-29,34701351.0,27511741.0,27380290.0,26330142.0
2024-04-01,34741136.0,27511455.0,27511455.0,26330142.0
2024-04-02,34737349.0,27597003.0,27511455.0,26330142.0
2024-04-03,34718516.0,27571024.0,27511455.0,26330142.0
2024-04-04,34715602.0,27570738.0,27511455.0,26330142.0
2024-04-05,34716400.0,27557980.0,27511455.0,26330142.0
2024-04-08,34721541.0,27558067.0,27511455.0,26330142.0
2024-04-09,34695202.0,27559152.0,27511455.0,26330142.0
2024-04-10,34674337.0,27523838.0,27511455.0,26330142.0
2024-04-11,34666583.0,27524684.0,27511455.0,26330142.0
2024-04-12,34668099.0,27509726.0,27511455.0,26330142.0
2024-04-15,34715478.0,27509637.0,27511455.0,26330142.0
2024-04-16,34704355.0,27525653.0,27511455.0,26330142.0
2024-04-17,34688979.0,27491007.0,27511455.0,26330142.0
2024-04-18,34700876.0,27491018.0,27511455.0,26330142.0
2024-04-19,34702447.0,27485308.0,27511455.0,26330142.0
2024-04-22,34706110.0,27484861.0,27511455.0,26330142.0
2024-04-23,34697303.0,27486474.0,27511455.0,26330142.0
2024-04-24,34686190.0,27461263.0,27511455.0,26330142.0
2024-04-25,34672000.0,27461573.0,27511455.0,26330142.0
2024-04-26,34674591.0,27443682.0,27511455.0,26330142.0
2024-04-29,34676372.0,27444491.0,27511455.0,26330142.0
2024-04-30,34734867.0,27445183.0,27511455.0,26330142.0
2024-05-01,34675307.0,27480960.0,27480960.0,26330142.0
2024-05-02,34682980.0,27479893.0,27480960.0,26330142.0
2024-05-03,34666990.0,27462987.0,27480960.0,26330142.0
2024-05-06,34677081.0,27462532.0,27480960.0,26330142.0
2024-05-07,34676727.0,27463657.0,27480960.0,26330142.0
2024-05-08,34658212.0,27453421.0,27480960.0,26330142.0
2024-05-09,34663999.0,27454501.0,27480960.0,26330142.0
2024-05-10,34662831.0,27453899.0,27480960.0,26330142.0
2024-05-13,34667858.0,27453861.0,27480960.0,26330142.0
2024-05-14,34689387.0,27455172.0,27480960.0,26330142.0
2024-05-15,34651416.0,27459796.0,27480960.0,26330142.0
2024-05-16,34674649.0,27444320.0,27480960.0,26330142.0
2024-05-17,34681765.0,27456419.0,27480960.0,26330142.0
2024-05-20,34687427.0,27456877.0,27480960.0,26330142.0
2024-05-21,34705055.0,27458745.0,27480960.0,26330142.0
2024-05-22,34686897.0,27466194.0,27480960.0,26330142.0
2024-05-23,34698479.0,27469724.0,27480960.0,26330142.0
2024-05-24,34708478.0,27473486.0,27480960.0,26330142.0
2024-05-28,34725289.0,27473812.0,27480960.0,26330142.0
2024-05-29,34739926.0,27485640.0,27480960.0,26330142.0
2024-05-30,34730591.0,27487157.0,27480960.0,26330142.0
2024-05-31,34786540.0,27479078.0,27480960.0,26330142.0
2024-06-03,34752446.0,27606807.0,27606807.0,26330142.0
2024-06-04,34773775.0,27604546.0,27606807.0,26330142.0
2024-06-05,34777188.0,27601037.0,27606807.0,26330142.0
2024-06-06,34790222.0,27601771.0,27606807.0,26330142.0
2024-06-07,34791631.0,27590072.0,27606807.0,26330142.0
2024-06-10,34825611.0,27590413.0,27606807.0,26330142.0
2024-06-11,34820180.0,27590885.0,27606807.0,26330142.0
2024-06-12,34797711.0,27576834.0,27606807.0,26330142.0
2024-06-13,34804649.0,27576421.0,27606807.0,26330142.0
2024-06-14,34801302.0,27572657.0,27606807.0,26330142.0
2024-06-17,34868179.0,27571224.0,27606807.0,26330142.0
2024-06-18,34852848.0,27627954.0,27606807.0,26330142.0
2024-06-20,34846031.0,27614043.0,27606807.0,26330142.0
2024-06-21,34853087.0,27596094.0,27606807.0,26330142.0
2024-06-24,34865416.0,27594481.0,27606807.0,26330142.0
2024-06-25,34866271.0,27594423.0,27606807.0,26330142.0
2024-06-26,34841722.0,27580829.0,27606807.0,26330142.0
2024-06-27,34842138.0,27581122.0,27606807.0,26330142.0
2024-06-28,34945418.0,27564579.0,27606807.0,26330142.0
2024-07-01,34954681.0,27612897.0,27612897.0,26330142.0
2024-07-02,34980806.0,27686612.0,27612897.0,26330142.0
2024-07-03,34961496.0,27696948.0,27612897.0,26330142.0
2024-07-05,34967767.0,27696496.0,27612897.0,26330142.0
2024-07-08,34970441.0,27693475.0,27612897.0,26330142.0
2024-07-09,34998627.0,27693673.0,27612897.0,26330142.0
2024-07-10,34974736.0,27709504.0,27612897.0,26330142.0
2024-07-11,35007250.0,27710406.0,27612897.0,26330142.0
2024-07-12,35006681.0,27733802.0,27612897.0,26330142.0
2024-07-15,35026586.0,27734096.0,27612897.0,26330142.0
2024-07-16,35056349.0,27750725.0,27612897.0,26330142.0
2024-07-17,35038626.0,27775830.0,27612897.0,26330142.0
2024-07-18,35064425.0,27775356.0,27612897.0,26330142.0
2024-07-19,35061865.0,27794421.0,27612897.0,26330142.0
2024-07-22,35065204.0,27793281.0,27612897.0,26330142.0
2024-07-23,35104425.0,27793301.0,27612897.0,26330142.0
2024-07-24,35085030.0,27817639.0,27612897.0,26330142.0
2024-07-25,35115490.0,27817951.0,27612897.0,26330142.0
2024-07-26,35118372.0,27834324.0,27612897.0,26330142.0
2024-07-29,35118945.0,27834220.0,27612897.0,26330142.0
2024-07-30,35158970.0,27834327.0,27612897.0,26330142.0
2024-07-31,35218721.0,27864368.0,27612897.0,26330142.0
2024-08-01,35175940.0,27930512.0,27930512.0,26330142.0
2024-08-02,35167105.0,27946898.0,27930512.0,26330142.0
2024-08-05,35172352.0,27946833.0,27930512.0,26330142.0
2024-08-06,35200098.0,27945958.0,27930512.0,26330142.0
2024-08-07,35208204.0,27969087.0,27930512.0,26330142.0
2024-08-08,35241362.0,27969804.0,27930512.0,26330142.0
2024-08-09,35239696.0,27992304.0,27930512.0,26330142.0
2024-08-12,35241424.0,27991431.0,27930512.0,26330142.0
2024-08-13,35276173.0,27992487.0,27930512.0,26330142.0
2024-08-14,35252579.0,28017164.0,27930512.0,26330142.0
2024-08-15,35287663.0,28017226.0,27930512.0,26330142.0
2024-08-16,35284858.0,28032946.0,27930512.0,26330142.0
2024-08-19,35293056.0,28030070.0,27930512.0,26330142.0
2024-08-20,35332160.0,28030148.0,27930512.0,26330142.0
2024-08-21,35309387.0,28055639.0,27930512.0,26330142.0
2024-08-22,35328477.0,28056284.0,27930512.0,26330142.0
2024-08-23,35331221.0,28067310.0,27930512.0,26330142.0
2024-08-26,35339820.0,28067341.0,27930512.0,26330142.0
2024-08-27,35405423.0,28066894.0,27930512.0,26330142.0
2024-08-28,35384748.0,28122458.0,27930512.0,26330142.0
2024-08-29,35397207.0,28122422.0,27930512.0,26330142.0
2024-08-30,35369571.0,28132285.0,27930512.0,26330142.0
2024-09-03,35433564.0,28168005.0,28168005.0,26330142.0
2024-09-04,35456824.0,28252445.0,28168005.0,26330142.0
2024-09-05,35462663.0,28254186.0,28168005.0,26330142.0
2024-09-06,35459301.0,28258351.0,28168005.0,26330142.0
2024-09-09,35460223.0,28253281.0,28168005.0,26330142.0
2024-09-10,35445779.0,28253300.0,28168005.0,26330142.0
2024-09-11,35422932.0,28232619.0,28168005.0,26330142.0
2024-09-12,35389680.0,28232461.0,28168005.0,26330142.0
2024-09-13,35383718.0,28193986.0,28168005.0,26330142.0
2024-09-16,35459795.0,28188906.0,28168005.0,26330142.0
2024-09-17,35465180.0,28245786.0,28168005.0,26330142.0
2024-09-18,35444751.0,28227360.0,28168005.0,26330142.0
2024-09-19,35443095.0,28228475.0,28168005.0,26330142.0
2024-09-20,35434307.0,28220680.0,28168005.0,26330142.0
2024-09-23,35436672.0,28214575.0,28168005.0,26330142.0
2024-09-24,35437315.0,28215447.0,28168005.0,26330142.0
2024-09-25,35416107.0,28195894.0,28168005.0,26330142.0
2024-09-26,35410400.0,28194235.0,28168005.0,26330142.0
2024-09-27,35434530.0,28182179.0,28168005.0,26330142.0
2024-09-30,35574492.0,28208787.0,28168005.0,26330142.0
2024-10-01,35779782.0,28307312.0,28307312.0,28307312.0
2024-10-02,35787757.0,28312629.0,28307312.0,28307312.0
2024-10-03,35791875.0,28313723.0,28307312.0,28307312.0
2024-10-04,35793761.0,28322639.0,28307312.0,28307312.0
2024-10-07,35793365.0,28323365.0,28307312.0,28307312.0
2024-10-08,35829561.0,28321844.0,28307312.0,28307312.0
2024-10-09,35804865.0,28341720.0,28307312.0,28307312.0
2024-10-10,35793901.0,28341479.0,28307312.0,28307312.0
2024-10-11,35819757.0,28353946.0,28307312.0,28307312.0
2024-10-15,35862336.0,28351123.0,28307312.0,28307312.0
2024-10-16,35853748.0,28383518.0,28307312.0,28307312.0
2024-10-17,35881566.0,28386150.0,28307312.0,28307312.0
2024-10-18,35881386.0,28404121.0,28307312.0,28307312.0
2024-10-21,35881922.0,28403747.0,28307312.0,28307312.0
2024-10-22,35913104.0,28403842.0,28307312.0,28307312.0
2024-10-23,35886824.0,28423307.0,28307312.0,28307312.0
2024-10-24,35920849.0,28422500.0,28307312.0,28307312.0
2024-10-25,35926258.0,28452334.0,28307312.0,28307312.0
2024-10-28,35925791.0,28451879.0,28307312.0,28307312.0
2024-10-29,35958011.0,28449761.0,28307312.0,28307312.0
2024-10-30,35955674.0,28469427.0,28307312.0,28307312.0
2024-10-31,36069304.0,28470182.0,28307312.0,28307312.0
2024-11-01,35983480.0,28572149.0,28572149.0,28307312.0
2024-11-04,35998801.0,28567526.0,28572149.0,28307312.0
2024-11-05,36026601.0,28566348.0,28572149.0,28307312.0
2024-11-06,36026728.0,28582003.0,28572149.0,28307312.0
2024-11-07,36060477.0,28582118.0,28572149.0,28307312.0
2024-11-08,36061495.0,28607119.0,28572149.0,28307312.0
2024-11-12,36078468.0,28606361.0,28572149.0,28307312.0
2024-11-13,36064141.0,28620033.0,28572149.0,28307312.0
2024-11-14,36081713.0,28617935.0,28572149.0,28307312.0
2024-11-15,36074887.0,28632426.0,28572149.0,28307312.0
2024-11-18,36077223.0,28621284.0,28572149.0,28307312.0
2024-11-19,36106603.0,28620974.0,28572149.0,28307312.0
2024-11-20,36087397.0,28634183.0,28572149.0,28307312.0
2024-11-21,36150988.0,28634760.0,28572149.0,28307312.0
2024-11-22,36162692.0,28688858.0,28572149.0,28307312.0
2024-11-25,36165347.0,28689194.0,28572149.0,28307312.0
2024-11-26,36227487.0,28689638.0,28572149.0,28307312.0
2024-11-27,36203685.0,28736542.0,28572149.0,28307312.0
2024-11-29,36202732.0,28735908.0,28572149.0,28307312.0
2024-12-02,36285055.0,28791208.0,28791208.0,28307312.0
2024-12-03,36284362.0,28878761.0,28791208.0,28307312.0
2024-12-04,36284634.0,28883515.0,28791208.0,28307312.0
2024-12-05,36283543.0,28882393.0,28791208.0,28307312.0
2024-12-06,36281394.0,28877400.0,28791208.0,28307312.0
2024-12-09,36285088.0,28874999.0,28791208.0,28307312.0
2024-12-10,36277265.0,28874169.0,28791208.0,28307312.0
2024-12-11,36245526.0,28858224.0,28791208.0,28307312.0
2024-12-12,36248453.0,28849932.0,28791208.0,28307312.0
2024-12-13,36248252.0,28846562.0,28791208.0,28307312.0
2024-12-16,36304633.0,28846614.0,28791208.0,28307312.0
2024-12-17,36301934.0,28901404.0,28791208.0,28307312.0
2024-12-18,36279385.0,28876691.0,28791208.0,28307312.0
2024-12-19,36280825.0,28875451.0,28791208.0,28307312.0
2024-12-20,36274519.0,28870055.0,28791208.0,28307312.0
2024-12-23,36300767.0,28864783.0,28791208.0,28307312.0
2024-12-24,36258162.0,28865106.0,28791208.0,28307312.0
2024-12-26,36227334.0,28839544.0,28791208.0,28307312.0
2024-12-27,36257922.0,28794989.0,28791208.0,28307312.0
2024-12-30,36261535.0,28822585.0,28791208.0,28307312.0
2024-12-31,36333240.0,28821350.0,28791208.0,28307312.0
2025-01-02,72390291.0,36103996.0,36103996.0,28307312.0
2025-01-03,72383709.0,36103996.0,36103996.0,28307312.0
2025-01-06,72389040.0,36103996.0,36103996.0,28307312.0
2025-01-07,72396856.0,36103996.0,36103996.0,28307312.0
2025-01-08,72371156.0,36103996.0,36103996.0,28307312.0
2025-01-09,72385974.0,36103996.0,36103996.0,28307312.0
2025-01-10,72388335.0,36103996.0,36103996.0,28307312.0
2025-01-13,72389971.0,36103996.0,36103996.0,28307312.0
2025-01-14,72418456.0,36103996.0,36103996.0,28307312.0
2025-01-15,72392272.0,36103996.0,36103996.0,28307312.0
2025-01-16,72417824.0,36103996.0,36103996.0,28307312.0
2025-01-17,72426140.0,36103996.0,36103996.0,28307312.0
2025-01-21,72436542.0,36103996.0,36103996.0,28307312.0
2025-01-22,72435008.0,36103996.0,36103996.0,28307312.0
2025-01-23,72444032.0,36103996.0,36103996.0,28307312.0
2025-01-24,72442482.0,36103996.0,36103996.0,28307312.0
2025-01-27,72437838.0,36103996.0,36103996.0,28307312.0
2025-01-28,72439900.0,36103996.0,36103996.0,28307312.0
2025-01-29,72438348.0,36103996.0,36103996.0,28307312.0
2025-01-30,72442912.0,36103996.0,36103996.0,28307312.0
2025-01-31,72440440.0,36103996.0,36103996.0,28307312.0
2025-02-03,72435783.0,36103996.0,36103996.0,28307312.0
2025-02-04,72437828.0,36103996.0,36103996.0,28307312.0
2025-02-05,72436273.0,36103996.0,36103996.0,28307312.0
2025-02-06,72440748.0,36103996.0,36103996.0,28307312.0
2025-02-07,72439190.0,36103996.0,36103996.0,28307312.0
2025-02-10,72434515.0,36103996.0,36103996.0,28307312.0
2025-02-11,72436563.0,36103996.0,36103996.0,28307312.0
2025-02-12,72435002.0,36103996.0,36103996.0,28307312.0
2025-02-13,72439554.0,36103996.0,36103996.0,28307312.0
2025-02-14,72437993.0,36103996.0,36103996.0,28307312.0
2025-02-18,72439212.0,36103996.0,36103996.0,28307312.0
2025-02-19,72437650.0,36103996.0,36103996.0,28307312.0
2025-02-20,72446004.0,36103996.0,36103996.0,28307312.0
2025-02-21,72444450.0,36103996.0,36103996.0,28307312.0
2025-02-24,72439783.0,36103996.0,36103996.0,28307312.0
2025-02-25,72441526.0,36103996.0,36103996.0,28307312.0
2025-02-26,72439988.0,36103996.0,36103996.0,28307312.0
2025-02-27,72443926.0,36103996.0,36103996.0,28307312.0
2025-02-28,72437873.0,36103996.0,36103996.0,28307312.0
2025-03-03,72433280.0,36103996.0,36103996.0,28307312.0
2025-03-04,72434942.0,36103996.0,36103996.0,28307312.0
2025-03-05,72433417.0,36103996.0,36103996.0,28307312.0
2025-03-06,72437200.0,36103996.0,36103996.0,28307312.0
2025-03-07,72435675.0,36103996.0,36103996.0,28307312.0
2025-03-10,72431098.0,36103996.0,36103996.0,28307312.0
2025-03-11,72432718.0,36103996.0,36103996.0,28307312.0
2025-03-12,72431203.0,36103996.0,36103996.0,28307312.0
2025-03-13,72434846.0,36103996.0,36103996.0,28307312.0
2025-03-14,72433338.0,36103996.0,36103996.0,28307312.0
2025-03-17,72428814.0,36103996.0,36103996.0,28307312.0
2025-03-18,72430452.0,36103996.0,36103996.0,28307312.0
2025-03-19,72428962.0,36103996.0,36103996.0,28307312.0
2025-03-20,72436469.0,36103996.0,36103996.0,28307312.0
2025-03-21,72434987.0,36103996.0,36103996.0,28307312.0
2025-03-24,72430543.0,36103996.0,36103996.0,28307312.0
2025-03-25,72432212.0,36103996.0,36103996.0,28307312.0
2025-03-26,72430739.0,36103996.0,36103996.0,28307312.0
2025-03-27,72434433.0,36103996.0,36103996.0,28307312.0
2025-03-28,72432967.0,36103996.0,36103996.0,28307312.0
2025-03-31,72428646.0,36103996.0,36103996.0,28307312.0
2025-04-01,72430339.0,36103996.0,36103996.0,28307312.0
2025-04-02,72428877.0,36103996.0,36103996.0,28307312.0
2025-04-03,72433015.0,36103996.0,36103996.0,28307312.0
2025-04-04,72431549.0,36103996.0,36103996.0,28307312.0
2025-04-07,72427147.0,36103996.0,36103996.0,28307312.0
2025-04-08,72429043.0,36103996.0,36103996.0,28307312.0
2025-04-09,72427567.0,36103996.0,36103996.0,28307312.0
2025-04-10,72431427.0,36103996.0,36103996.0,28307312.0
2025-04-11,72429957.0,36103996.0,36103996.0,28307312.0
2025-04-14,72425549.0,36103996.0,36103996.0,28307312.0
2025-04-15,72428675.0,36103996.0,36103996.0,28307312.0
2025-04-16,72427206.0,36103996.0,36103996.0,28307312.0
2025-04-17,72434985.0,36103996.0,36103996.0,28307312.0
2025-04-18,72433534.0,36103996.0,36103996.0,28307312.0
2025-04-21,72429180.0,36103996.0,36103996.0,28307312.0
2025-04-22,72430965.0,36103996.0,36103996.0,28307312.0
2025-04-23,72429525.0,36103996.0,36103996.0,28307312.0
2025-04-24,72433408.0,36103996.0,36103996.0,28307312.0
2025-04-25,72431973.0,36103996.0,36103996.0,28307312.0
2025-04-28,72427665.0,36103996.0,36103996.0,28307312.0
2025-04-29,72429455.0,36103996.0,36103996.0,28307312.0
2025-04-30,72427139.0,36103996.0,36103996.0,28307312.0
2025-05-01,72431179.0,36103996.0,36103996.0,28307312.0
2025-05-02,72429745.0,36103996.0,36103996.0,28307312.0
2025-05-05,72425445.0,36103996.0,36103996.0,28307312.0
2025-05-06,72427231.0,36103996.0,36103996.0,28307312.0
2025-05-07,72425797.0,36103996.0,36103996.0,28307312.0
2025-05-08,72429817.0,36103996.0,36103996.0,28307312.0
2025-05-09,72428387.0,36103996.0,36103996.0,28307312.0
2025-05-12,72424097.0,36103996.0,36103996.0,28307312.0
2025-05-13,72425983.0,36103996.0,36103996.0,28307312.0
2025-05-14,72424547.0,36103996.0,36103996.0,28307312.0
2025-05-15,72432884.0,36103996.0,36103996.0,28307312.0
2025-05-16,72431455.0,36103996.0,36103996.0,28307312.0
2025-05-19,72427167.0,36103996.0,36103996.0,28307312.0
2025-05-20,72428976.0,36103996.0,36103996.0,28307312.0
2025-05-21,72427547.0,36103996.0,36103996.0,28307312.0
2025-05-22,72431628.0,36103996.0,36103996.0,28307312.0
2025-05-23,72430202.0,36103996.0,36103996.0,28307312.0
2025-05-27,72427733.0,36103996.0,36103996.0,28307312.0
2025-05-28,72426307.0,36103996.0,36103996.0,28307312.0
2025-05-29,72430378.0,36103996.0,36103996.0,28307312.0
2025-05-30,72431662.0,36103996.0,36103996.0,28307312.0
2025-06-02,72428827.0,36103996.0,36103996.0,28307312.0
2025-06-03,72430441.0,36103996.0,36103996.0,28307312.0
2025-06-04,72429029.0,36103996.0,36103996.0,28307312.0
2025-06-05,72432805.0,36103996.0,36103996.0,28307312.0
2025-06-06,72431395.0,36103996.0,36103996.0,28307312.0
2025-06-09,72427171.0,36103996.0,36103996.0,28307312.0
2025-06-10,72428587.0,36103996.0,36103996.0,28307312.0
2025-06-11,72427189.0,36103996.0,36103996.0,28307312.0
2025-06-12,72434929.0,36103996.0,36103996.0,28307312.0
2025-06-13,72433539.0,36103996.0,36103996.0,28307312.0
2025-06-16,72429365.0,36103996.0,36103996.0,28307312.0
2025-06-17,72430821.0,36103996.0,36103996.0,28307312.0
2025-06-18,72429439.0,36103996.0,36103996.0,28307312.0
2025-06-20,72431773.0,36103996.0,36103996.0,28307312.0
2025-06-23,72427643.0,36103996.0,36103996.0,28307312.0
2025-06-24,72429132.0,36103996.0,36103996.0,28307312.0
2025-06-25,72427765.0,36103996.0,36103996.0,28307312.0
2025-06-26,72431637.0,36103996.0,36103996.0,28307312.0
2025-06-27,72430275.0,36103996.0,36103996.0,28307312.0
2025-06-30,72422965.0,36103996.0,36103996.0,28307312.0
2025-07-01,72428990.0,36103996.0,36103996.0,28307312.0
2025-07-02,72427621.0,36103996.0,36103996.0,28307312.0
2025-07-03,72431764.0,36103996.0,36103996.0,28307312.0
2025-07-07,77795478.0,36103996.0,36103996.0,28307312.0
2025-07-08,77840235.0,41103996.0,36103996.0,28307312.0
2025-07-09,77814380.0,41103996.0,36103996.0,28307312.0
2025-07-10,77813062.0,41103996.0,36103996.0,28307312.0
2025-07-11,77813076.0,41103996.0,36103996.0,28307312.0
2025-07-14,77813569.0,41103996.0,36103996.0,28307312.0
2025-07-15,77867802.0,41103996.0,36103996.0,28307312.0
2025-07-16,77843360.0,41103996.0,36103996.0,28307312.0
2025-07-17,77872963.0,41103996.0,36103996.0,28307312.0
2025-07-18,77870912.0,41103996.0,36103996.0,28307312.0
2025-07-21,77876623.0,41103996.0,36103996.0,28307312.0
2025-07-22,77927516.0,41103996.0,36103996.0,28307312.0
2025-07-23,77902228.0,41103996.0,36103996.0,28307312.0
2025-07-24,77939031.0,41103996.0,36103996.0,28307312.0
2025-07-25,77949704.0,41103996.0,36103996.0,28307312.0
2025-07-28,77949640.0,41103996.0,36103996.0,28307312.0
2025-07-29,78019646.0,41103996.0,36103996.0,28307312.0
2025-07-30,78017345.0,41103996.0,36103996.0,28307312.0
2025-07-31,78134958.0,41103996.0,36103996.0,28307312.0
2025-08-01,78044165.0,41103996.0,41103996.0,28307312.0
2025-08-04,78053303.0,41103996.0,41103996.0,28307312.0
2025-08-05,78146676.0,41103996.0,41103996.0,28307312.0
2025-08-06,78165967.0,41103996.0,41103996.0,28307312.0
2025-08-07,78215915.0,41103996.0,41103996.0,28307312.0
2025-08-08,78217481.0,41103996.0,41103996.0,28307312.0
2025-08-11,78221645.0,41103996.0,41103996.0,28307312.0
2025-08-12,78288311.0,41103996.0,41103996.0,28307312.0
2025-08-13,78262499.0,41103996.0,41103996.0,28307312.0
2025-08-14,78308800.0,41103996.0,41103996.0,28307312.0
2025-08-15,78357949.0,41103996.0,41103996.0,28307312.0
2025-08-18,78362551.0,41103996.0,41103996.0,28307312.0
2025-08-19,78428360.0,41103996.0,41103996.0,28307312.0
2025-08-20,78398960.0,41103996.0,41103996.0,28307312.0
2025-08-21,78453184.0,41103996.0,41103996.0,28307312.0
2025-08-22,78454221.0,41103996.0,41103996.0,28307312.0
2025-08-25,78472160.0,41103996.0,41103996.0,28307312.0
2025-08-26,78423851.0,41103996.0,41103996.0,28307312.0
2025-08-27,78502189.0,41103996.0,41103996.0,28307312.0
2025-08-28,78530469.0,41103996.0,41103996.0,28307312.0
2025-08-29,78490989.0,41103996.0,41103996.0,28307312.0
2025-09-02,78631181.0,41103996.0,41103996.0,28307312.0
2025-09-03,78629571.0,41103996.0,41103996.0,28307312.0
2025-09-04,78650895.0,41103996.0,41103996.0,28307312.0
2025-09-05,78653604.0,41103996.0,41103996.0,28307312.0
2025-09-08,78658368.0,41103996.0,41103996.0,28307312.0
2025-09-09,78692617.0,41103996.0,41103996.0,28307312.0
2025-09-10,78668720.0,41103996.0,41103996.0,28307312.0
2025-09-11,78690742.0,41103996.0,41103996.0,28307312.0
2025-09-12,78680953.0,41103996.0,41103996.0,28307312.0
2025-09-15,78750876.0,41103996.0,41103996.0,28307312.0
2025-09-16,78720585.0,41103996.0,41103996.0,28307312.0
2025-09-17,78709718.0,41103996.0,41103996.0,28307312.0
2025-09-18,78728814.0,41103996.0,41103996.0,28307312.0
2025-09-19,78723998.0,41103996.0,41103996.0,28307312.0
2025-09-22,78727756.0,41103996.0,41103996.0,28307312.0
2025-09-23,78686626.0,41103996.0,41103996.0,28307312.0
2025-09-24,78670731.0,41103996.0,41103996.0,28307312.0
2025-09-25,78686031.0,41103996.0,41103996.0,28307312.0
2025-09-26,78717107.0,41103996.0,41103996.0,28307312.0
2025-09-29,78721652.0,41103996.0,41103996.0,28307312.0
2025-09-30,78852782.0,41103996.0,41103996.0,28307312.0
2025-10-01,79078909.0,41103996.0,41103996.0,41103996.0
2025-10-02,79100578.0,41103996.0,41103996.0,41103996.0
2025-10-03,79070659.0,41103996.0,41103996.0,41103996.0
2025-10-06,79079048.0,41103996.0,41103996.0,41103996.0
2025-10-07,79106561.0,41103996.0,41103996.0,41103996.0
2025-10-08,79079909.0,41103996.0,41103996.0,41103996.0
2025-10-09,79102038.0,41103996.0,41103996.0,41103996.0
2025-10-10,79102811.0,41103996.0,41103996.0,41103996.0
2025-10-14,79135213.0,41103996.0,41103996.0,41103996.0
2025-10-15,79158159.0,41103996.0,41103996.0,41103996.0
2025-10-16,79184157.0,41103996.0,41103996.0,41103996.0
2025-10-17,79194175.0,41103996.0,41103996.0,41103996.0
2025-10-20,79194942.0,41103996.0,41103996.0,41103996.0
2025-10-21,79235551.0,41103996.0,41103996.0,41103996.0
2025-10-22,79205675.0,41103996.0,41103996.0,41103996.0
2025-10-23,79225187.0,41103996.0,41103996.0,41103996.0
2025-10-24,79225340.0,41103996.0,41103996.0,41103996.0
2025-10-27,79256298.0,41103996.0,41103996.0,41103996.0
2025-10-28,79292075.0,41103996.0,41103996.0,41103996.0
2025-10-29,79292949.0,41103996.0,41103996.0,41103996.0
2025-10-30,79327244.0,41103996.0,41103996.0,41103996.0
2025-10-31,79257209.0,41103996.0,41103996.0,41103996.0
2025-11-03,79219274.0,41103996.0,41103996.0,41103996.0
2025-11-04,79263171.0,41103996.0,41103996.0,41103996.0
2025-11-05,79306721.0,41103996.0,41103996.0,41103996.0
2025-11-06,79335556.0,41103996.0,41103996.0,41103996.0
2025-11-07,79333776.0,41103996.0,41103996.0,41103996.0
2025-11-10,79340072.0,41103996.0,41103996.0,41103996.0
2025-11-12,79335814.0,41103996.0,41103996.0,41103996.0
2025-11-13,79367448.0,41103996.0,41103996.0,41103996.0
2025-11-14,79369727.0,41103996.0,41103996.0,41103996.0
2025-11-17,79395729.0,41103996.0,41103996.0,41103996.0
2025-11-18,79480922.0,41103996.0,41103996.0,41103996.0
2025-11-19,79576978.0,41103996.0,41103996.0,41103996.0
2025-11-20,79606670.0,41103996.0,41103996.0,41103996.0
2025-11-21,79612493.0,41103996.0,41103996.0,41103996.0
2025-11-24,79613036.0,41103996.0,41103996.0,41103996.0
2025-11-25,79638609.0,41103996.0,41103996.0,41103996.0
2025-11-26,79612295.0,41103996.0,41103996.0,41103996.0
2025-11-28,79673720.0,41103996.0,41103996.0,41103996.0
2025-12-01,79702445.0,41103996.0,41103996.0,41103996.0
2025-12-02,79701470.0,41103996.0,41103996.0,41103996.0
2025-12-03,79680502.0,41103996.0,41103996.0,41103996.0
2025-12-04,79668222.0,41103996.0,41103996.0,41103996.0
2025-12-05,79668655.0,41103996.0,41103996.0,41103996.0
2025-12-08,79671885.0,41103996.0,41103996.0,41103996.0
2025-12-09,79653845.0,41103996.0,41103996.0,41103996.0
2025-12-10,79628209.0,41103996.0,41103996.0,41103996.0
2025-12-11,79627693.0,41103996.0,41103996.0,41103996.0
2025-12-12,79616716.0,41103996.0,41103996.0,41103996.0
2025-12-15,79694387.0,41103996.0,41103996.0,41103996.0
2025-12-16,79671980.0,41103996.0,41103996.0,41103996.0
2025-12-17,79654081.0,41103996.0,41103996.0,41103996.0
2025-12-18,79652276.0,41103996.0,41103996.0,41103996.0
2025-12-19,79649063.0,41103996.0,41103996.0,41103996.0
2025-12-22,79652467.0,41103996.0,41103996.0,41103996.0
2025-12-23,79650172.0,41103996.0,41103996.0,41103996.0
2025-12-24,79626963.0,41103996.0,41103996.0,41103996.0
2025-12-26,79657554.0,41103996.0,41103996.0,41103996.0
2025-12-29,79661296.0,41103996.0,41103996.0,41103996.0
2025-12-30,79647849.0,41103996.0,41103996.0,41103996.0
2025-12-31,79791298.0,41103996.0,41103996.0,41103996.0
